date,amount,description
03/03/2021,-43.97,ZSIfogoNGu bowling pusRk
13/07/2021,-13.81,LRhGDepgaD vanguard eDrlv
21/06/2021,29.48,zssXALKyfE paycheck ODooX
05/06/2022,-59.04,ZFTSDeWSIT apple dVfrf
31/07/2022,-48.54,okJpdcHoaA asda iVzWw
26/04/2021,-46.93,obJFaZtZWI bowling bPGMk
01/02/2021,62.86,KgwbMyrbsK paycheck jShWy
15/05/2021,11.87,pDSmihyhCJ salary Mrbsl
07/04/2022,-28.19,eAqjohBDto fuel ZecsH
06/09/2021,-80.97,zTMfKyXAzM tfgm EtbuP
23/08/2021,-78.03,WXdKgAzakY amzn mLttr
14/07/2022,10.06,NeilMvRwMJ salary GNefo
12/03/2022,-4.52,gyirIDJbBx tesco jFzsA
07/07/2022,-26.47,OXUQQXHBws tfgm TzASa
27/09/2021,53.52,SlrlSxDphT salary rCOzx
24/10/2021,-68.12,zjCbIbqZWm greggs lIlOr
26/10/2021,-38.53,pXvlGmPZmM greggs QVopb
28/04/2021,20.79,XRXmFpVGaB salary jMVSR
02/11/2021,-22.84,UAywzcZYBJ o2 ySbYL
12/10/2020,4.69,qNRHQXhwnY birthday gift dFuyB
29/12/2021,-61.82,GtGfuVdTmL octopus qODjZ
05/08/2021,-48.28,GDlTymTamT greggs hBOYF
03/07/2022,-48.57,TvxDIhgkcr cash ltIaV
15/06/2021,-11.75,TFOQatNumA united utilities soxrr
23/10/2020,-21.71,kVJjyEgPeS bt Jcvnx
19/01/2022,-41.47,uKIhdmunkY etoro nqnZw
22/02/2022,-73.05,iUgrTHFDBE fitness EWJbk
24/08/2021,-77.69,SjbrGvuXfh m&s uqeVn
25/09/2021,-24.94,xQwQUYqURR etoro yQCpZ
22/06/2021,-18.19,DHQChPdlQV greggs GZFdX
03/02/2021,-83.47,hCKbxIAehn amzn kJnGn
29/08/2021,-56.1,DHCWIKCxuz cash fxLff
22/10/2020,-52.9,QReLJwZTRD tfgm tXqdp
03/05/2022,-32.82,eCMaoRqJdF invest SZYUb
30/08/2020,-64.48,aZaZaJOxDS bus RgUVW
23/12/2021,-65.48,EnnzbRoLzz united utilities kmEFM
17/11/2021,23.72,RrhUbTvhzf salary JSGfT
21/02/2022,18.0,mhkqxstxsg paycheck tPKHw
16/09/2020,55.9,pDXQSbqSvc paycheck zVwlU
13/05/2022,-66.45,UtppLaEWJw octopus UJhlk
09/12/2021,43.61,qmvPQGVbPm birthday gift TBLHL
06/12/2020,-44.22,xNYiXESVGn amazon FcCGi
29/11/2021,-45.07,irIsDRxlpe british gas MClLp
12/07/2021,-17.7,sCdpagZHgG united utilities sbDqo
22/01/2021,-10.16,OUCqtznVQv nandos nslgy
09/10/2020,-46.29,uotEFcJQGo vanguard hIhzp
11/07/2021,-69.19,SpCznCdhjX cash seOic
18/08/2022,-42.48,uOhlVgcJSy spa wKNlt
23/09/2021,14.9,QsNvABLonk birthday gift MROJt
27/11/2021,51.86,AzQWvQvaxZ paycheck NatvU
18/09/2020,7.64,IvKbcDBDrv paycheck POAxW
03/12/2021,44.35,pKiJDjYoqU birthday gift kydKF
28/09/2021,12.7,kRNjztqKyX birthday gift BUvHt
13/11/2021,-50.22,AiiPvFnHCY sainsbury nSUxN
02/09/2020,5.77,RZzQNOamvd salary oKGbe
16/07/2021,-57.08,WqbtCQAJMl m&s nxpmU
13/04/2021,-56.65,AqEcteNLmz asda oUqQl
07/06/2022,12.45,AYLEOSTLCG paycheck AxxyF
22/05/2021,-50.13,tujieNNMav etoro NxtaJ
17/03/2021,-62.96,AoGKYCglaT nabu casa FRZgJ
29/09/2020,-62.87,WfJlsFnaZD tfgm pLmEG
21/10/2021,-79.56,fUoKvbyOPJ sainsbury pfgPS
10/04/2022,36.25,jQeWKZtRml salary AqIPq
17/04/2021,17.17,wlGipRncLC salary cLDZw
07/08/2021,14.58,llZvFAAbYC birthday gift yncMN
07/11/2020,-1.19,yWVVvASrHR cash JRlLB
02/11/2020,-73.78,WdAsyWIjJJ bt yvpRF
13/08/2021,-63.85,ErzxxyfWnH cash VsZCR
13/07/2022,27.86,dxxZOoPFMb salary ohLYK
12/02/2021,-2.72,NywVEyiGei john lewis BhrCV
07/09/2021,-30.58,AlzACjCyqp nandos pQEFF
18/10/2020,-81.98,kQAKwRZRQg adobe myZWV
16/03/2021,64.21,VxToxdyQWS salary jJXIB
31/07/2021,-78.6,ftFGHZnTas aldi tNPNc
02/05/2022,-89.23,RfCuTIJNDa fitness YWAEC
24/04/2022,-68.87,JRUzYVmzTy cinema PapoI
30/08/2021,-76.51,QKlPuRWRZf asda OVvzX
10/06/2022,70.3,FYqkfXmyqZ salary BSFTQ
14/05/2021,-79.87,lFHaJNlsab energy DxpAA
14/05/2022,-55.95,DRkBdVUiNh energy kbGVn
15/03/2021,-10.67,wkztCIvMAl asda ZQDhe
26/12/2020,-79.39,RotxucFXIV vanguard PzKfb
16/05/2021,1.84,vLZbvbScDj paycheck cIGBC
31/05/2022,-17.59,QhelGpRLmD nandos ESeWS
05/12/2020,54.28,xSnCzbUZHe salary jKABZ
08/10/2021,-89.28,kGRTmUvaif cinema ktVcE
02/09/2020,-15.67,eAwzyXbFpz m&s hYaXY
26/07/2022,30.61,AJhKfXPNtC paycheck UtqtI
27/11/2020,-16.97,JfkcyLrnxa john lewis nzNNz
08/05/2022,54.9,rUHSXzjKTa birthday gift GRxwm
22/11/2021,-70.86,RFXGxBYwlj john lewis QDnoM
31/10/2021,25.97,KYSBUZowzR birthday gift ysGoT
27/01/2021,-73.46,AVWngVuYRH fuel DBJRe
30/05/2022,-24.33,FKIjRwVsCa fuel giZpw
10/06/2021,-65.57,fuIpAgvnFo greggs LjwIm
20/12/2020,-23.95,VeXKoxpeef marks&spencer MPHHe
22/07/2021,-76.3,GIlJpYjzmM nandos XvTGN
05/07/2022,-76.91,UpRgyxbikU amzn FvaCQ
27/04/2021,-26.74,hQBNczKPFs john lewis hUcht
13/08/2021,-7.86,OXmWnTpPSy nandos FQDRQ
14/08/2022,-67.36,NsMhKLEyGd metrolink CieOM
20/03/2022,-32.4,YmoQSgspNm apple NEraP
27/06/2021,48.41,PRHnfjntYH salary yVovS
10/08/2021,-22.67,NEGqNLKbQB amzn hWPEL
06/09/2021,-28.63,igGNppJYfp apple RxGyP
10/09/2021,-48.62,qpMscmIENR fuel WUglJ
06/02/2021,-14.15,MoWTBDhjFI british gas OHckT
13/02/2021,3.41,HbBgLnagOO salary QwOcR
16/02/2022,18.82,YWnESLKuYf salary JnVQS
12/05/2021,-76.51,PSEfWDjPqF coop cacOj
12/09/2021,-65.28,NCWxKduhvS sainsbury KqXTc
10/10/2021,-61.04,VCSpMyWRoI bowling Hslgz
14/08/2022,-11.4,XQsHFWYabu bus zuVUN
12/01/2022,-39.49,jDEcakxhJO amzn SAnmL
05/07/2022,-19.97,LSrHvrKLcK marks&spencer RFHtL
30/08/2021,-43.57,IJWogtuYuR adobe ymUyg
03/11/2021,-11.47,AjwzMZkZUi adobe exCun
26/04/2022,-19.12,eRjlwtYszr octopus uRswh
17/11/2020,-32.6,gzvCbrHODk m&s XIkfX
26/05/2021,39.2,NhgdhsHneQ paycheck JPwgM
05/09/2021,7.99,mltFIGUUjG birthday gift MhYHG
11/02/2021,5.52,FvJLkuDhlv salary MMUZe
30/10/2021,-26.56,AUHQdjNsmi bus BngVh
27/06/2022,-43.97,XsxdCswyRy united utilities etIlu
23/06/2021,-78.83,GfDNWDNbZi energy qFSgd
26/09/2021,-4.43,RLIDCXqwFE gym JTZaB
28/11/2020,-42.62,IWGJgCthgt fitness LYjXu
21/03/2021,-72.04,sQsTVPhfUU aldi wOZaD
02/05/2021,-85.81,WoqqsjWaDb octopus hcxPc
05/02/2022,-14.22,XIfWKDZwSP fitness DhhDB
28/04/2021,-18.48,DORcCemUnh bt ZqcKv
26/10/2021,45.81,KQVxsUxnyR paycheck nZrae
30/09/2020,18.47,tUYpuybOJq birthday gift vlDzX
01/07/2022,-29.18,LdVTkAvPvR nabu casa ATdFN
03/07/2022,-52.66,DhRrnjtAjl greggs nwpNK
26/10/2020,-29.46,OQoqJhYSFp apple utXQL
11/12/2020,-58.08,IvtmIdyLJx british gas VTKiV
17/07/2021,-73.65,GGPUVgUfcg spa geXPR
28/05/2022,-26.61,MSReINdmVL apple yJIoa
01/02/2021,30.79,mdWxmYhsPz birthday gift TtAeK
24/12/2021,-19.31,tLpelvuKEI british gas NZoJT
02/12/2020,39.52,NJyEncGcza birthday gift pRwoI
20/12/2021,17.49,ebjLvHQSCL salary CKKRB
09/06/2021,-13.98,vOnxQzpXPc greggs tOOWu
17/02/2022,54.79,fIWgyZTwcp salary KydSb
15/06/2022,-27.06,hulQSOoGfe m&s mgMxp
26/05/2022,71.18,OnNbNjFUzS birthday gift IKzXG
28/10/2020,-66.22,FtjxVZlFJG nabu casa dVoYU
24/08/2021,-75.32,jGPKdcSepd metrolink SVKpr
29/05/2022,-16.3,bINCNufdgH nabu casa fnxGH
17/12/2021,-61.61,GOEnorbtPu aldi mvGyH
28/02/2021,-14.23,YxjECNCErw united utilities BTqjr
26/01/2022,-53.25,ohDrtpNWJa etoro rykFO
15/08/2022,-92.94,FppHvNQDCs asda fRJmM
07/05/2021,-6.44,fzpbEpzOpx tfgm sljAW
25/08/2020,-22.67,ZVROulHQub aldi eYztW
21/07/2021,-63.72,iwlmbeLgsh spa SQDiM
11/12/2020,-83.52,wZYqejCmMN m&s Utbst
19/05/2021,-51.64,FeUKpxtRQi amazon uYDYE
30/08/2020,15.96,XedoVQdPcK salary nmpZb
22/02/2022,13.95,zyhZrWKNJD birthday gift dZKDV
04/01/2022,-20.1,wWniIhpMFZ metrolink Byige
18/07/2021,-5.4,KboehGqMYP bus xTEEQ
12/02/2022,32.26,aANilXOZkP paycheck sFPaj
13/03/2021,-81.72,sbdSlmZCHN sainsbury MvlqK
25/03/2021,-6.89,TodxnZDpDL invest mPaiU
01/12/2021,-50.48,jCzrekgysj marks&spencer hRdAI
02/03/2022,-77.88,zzWjWGcXKd octopus hpsya
01/02/2021,-27.39,XsTmYHsZpO john lewis cMddA
08/01/2022,-20.47,NljoVXLEST cinema GDIUL
08/01/2022,-47.33,PcmBAtGLdm octopus OVvPt
28/05/2021,-53.32,JKBNYxSJSc nabu casa OWdbR
26/05/2022,-66.61,vYqaMxlkQp united utilities ADpIX
18/04/2021,-49.5,mXzlWkmBvD o2 nEVhG
31/01/2022,46.41,daRfVSzwMx birthday gift SUwAv
10/12/2020,91.32,XxGBuyAPzJ paycheck UQtoL
13/12/2020,-20.43,VbzNflbTfW asda RubcN
23/09/2021,-73.21,kZjofeMZhp british gas IOwDW
08/06/2022,-43.21,TOHTiswfWF bus vfnoW
08/03/2022,-18.58,geBRGkOFTo spa oOUGY
07/07/2022,72.57,kHQffMErhk birthday gift ORRCB
17/10/2020,-40.41,UfZtoCAXsn amazon AVgEV
06/12/2020,-31.35,SNvagiMzrn coop JNJda
28/04/2022,-22.67,TPloyziYdd cinema eiexT
03/07/2021,-36.17,xikZXqcMPi o2 adhnl
18/09/2020,26.32,wAIllrTJtg birthday gift Zuuau
14/08/2022,-32.31,gDPtJyqXOO cash alWVk
05/03/2022,15.28,PwUUXoReId salary xNMZb
18/05/2022,-81.62,YNJfNzPhgq nabu casa LXOCb
13/12/2020,-46.45,aSIDGUgyaH tesco sjlSk
13/04/2022,27.43,kytAnTlaXY paycheck hWXjK
30/12/2020,-41.52,FBZVMyAOsU energy dIiGb
04/09/2021,-45.6,mPQUYLugKe british gas CWSDk
24/02/2021,-74.75,EuaonuLdOn adobe NwSnR
27/03/2021,-50.41,MZXioaGJEz sainsbury UajIs
24/08/2021,-40.98,sQkQyQpHRZ united utilities awGlf
09/08/2022,-50.74,yFPKQMDziA apple srlUR
30/07/2022,-72.81,ewTIkMjlDL bus eXvsO
26/04/2021,-30.05,DgKipyVnVS nabu casa ygXdR
12/11/2021,-92.41,QyFFSMKVUa o2 ylBFa
29/11/2020,-5.0,ojiUWBiTOD adobe MVoQn
26/01/2022,-50.31,rzqKRWLNlZ bowling gJIOJ
11/03/2021,0.34,HxYckoLvbq birthday gift qsklh
31/03/2021,-2.93,IByVqPuuEg m&s XLXaK
14/08/2021,-54.51,iVzrNKhOfl tfgm ikLxt
19/12/2021,-20.44,klfYuyHNlt tfgm PXumh
28/04/2022,-9.43,iMjfhAQpEv spa wVqPO
14/03/2021,-45.66,gvncwQobsq bus TFMEl
24/12/2020,-18.93,oJNvtwuPsf british gas JxlBj
21/10/2021,-54.81,fozVTwQMwO fuel DOPDl
04/09/2020,-85.06,qAKKAhxroZ amazon YUvTX
04/02/2021,-71.54,PcSDnwUhDm amazon LLWMH
12/01/2022,-31.71,vyjAIFHLNm energy ftifY
28/04/2022,-60.1,QgLIcSKCpB octopus cyWsu
21/07/2021,-24.69,mXZDdZBBjA tfgm ELOrp
20/03/2021,-45.42,OoJKFuOwzj asda TIdAN
03/06/2021,-33.48,DiRxnQkYMP adobe uToFm
12/10/2021,-47.45,hQcZSiTtJc apple ZqWwy
03/07/2021,-56.56,nVgEvzBCRk invest QLkvZ
22/04/2022,36.96,vXPehaKHin birthday gift zYKxQ
05/08/2021,-44.4,ApwpQEQayf amazon AYHnv
21/08/2021,23.07,HbeIWdgILV salary Irbnv
26/08/2020,-27.63,BpzzPTUzzx bus zeiPZ
26/02/2021,-57.75,EcmmRZCidI fuel RHnYQ
01/05/2022,67.62,tjiCLjvQeW salary lsWDS
01/08/2021,-8.54,mkCeSFpMEd energy sAkab
01/03/2022,-96.84,CHummqdJca fitness OLLPy
30/10/2021,45.29,kbBpTVeGpV salary ALiPn
05/11/2020,-12.49,rVzoJWMgPY bt sBQPh
21/06/2022,-41.12,pmZxaiYMeZ british gas UFLPe
14/09/2021,-71.52,MmViblfddS fitness KFmSD
12/02/2022,18.21,iRZFmlekyS paycheck oMcyx
17/12/2020,4.49,pWfrqbyily birthday gift rLwlX
13/09/2020,-72.66,MhhYxSummB energy sEcwn
05/06/2021,24.38,axmqOKMTYP birthday gift lXiYc
21/01/2021,23.09,BnyHScicKa salary kKFrp
14/09/2021,-46.33,maFwWBKqyD aldi oLdWu
16/12/2021,2.8,DlwoCeBWzg salary SoRvw
10/11/2020,-25.1,YgbBGfScPJ sainsbury FCUWn
24/08/2020,-84.95,aSRBVrDlji etoro GFUuI
18/04/2022,-62.4,LVOZTLKHdd bt hElWj
18/03/2022,-1.49,yGebBXnJjy united utilities AqZUc
27/12/2021,-11.1,GBbuljmCPo nabu casa HwUYA
10/11/2020,-20.47,KutCDpTQYc apple Lemms
06/10/2020,-50.82,oMrjXxqfcT sainsbury tAdib
17/11/2021,25.12,JpwbYyjIWz paycheck kTJiD
23/06/2022,-49.79,epwJnGjGbW bowling xjLqn
22/02/2022,-67.36,iiHeTLfmct amzn XtgVb
06/07/2022,-71.62,lhXnhzJqyI invest ygpVA
01/04/2021,-45.89,PAeEBEWQLt amazon ZrUpw
22/04/2022,-68.7,AzuBmJaJEu tfgm xBITk
30/11/2020,-32.73,RTSyFdQnDZ metrolink qcuuu
19/12/2021,52.83,wppXzEIusk salary PCeVg
28/03/2022,-76.07,YTQRKiplEP tfgm SENuZ
02/03/2021,-40.15,kRUEWIwMIs bt irfpW
21/03/2022,-39.11,YWfAkPOlzO amzn htZCg
07/05/2022,-64.25,thccQvJLWD cash DOHyd
17/10/2021,-7.24,OjxlCSZEmy marks&spencer XIwzB
23/10/2020,-1.33,QVJdJXnJrL united utilities fSxEy
26/09/2021,-38.15,ASinZQdmGG invest QQlQB
31/01/2022,-78.42,RBbnGhzwOo cash hwSYq
06/12/2020,-29.91,wKIKnmTZcU asda cQmuF
30/08/2021,-85.94,tOvAnhbUtK octopus kWwyG
20/03/2021,-44.32,ttZYBtAewd octopus ZgCUX
03/08/2021,-16.16,IQVAydjyYb adobe XNWJY
21/02/2021,17.58,dWWoodmfYq salary CNBtR
07/08/2022,-44.55,PgTJlaEcFz o2 aXBlQ
31/08/2021,-14.69,GKgZtLZKIc british gas ncmPX
02/05/2021,30.17,DuVcisehRW birthday gift vrFXh
04/04/2022,-73.19,SfxiMTmvjz apple sSgAA
12/12/2021,0.53,TeqHQFKYgr salary mmjFp
26/08/2021,-19.62,SIQjCQdUim octopus bWfVT
31/01/2021,-37.61,zJNFKJMvSs bus OVBBW
26/06/2021,30.59,KpQfQscTCQ paycheck fkDTm
07/08/2021,45.17,kobQgCssqa birthday gift EyXQU
17/03/2022,-71.47,HgYaaBtylv marks&spencer kBYwV
17/04/2022,-56.89,ukcjqhcHgK apple MnlGW
13/12/2021,-59.36,ZzoCNGTAQV tesco FdMCO
16/08/2021,-86.86,XaGMTnHppE sainsbury LnCtQ
25/03/2021,31.69,UkfHmOUDJi paycheck GxgRu
05/06/2021,-49.13,kFPfCuwRWU asda dVSLM
01/09/2020,-36.86,cVXcRyiYPa aldi llVIe
05/02/2022,-20.6,jEdjqzyTEb etoro BzPZc
17/02/2021,-60.33,dyPKtDZzno amzn yVlkl
29/01/2021,26.59,IJyqKLugpU birthday gift MFFSV
08/10/2020,79.78,ZyCfcqrJJo paycheck TmWek
08/11/2020,-51.3,KrjqfjZXgq coop ZPzBF
28/05/2021,-75.07,nYNaNuWyRU amzn hkdmB
30/12/2021,-23.92,mielmgicJC nabu casa ndcxc
30/03/2022,36.3,oONCjwuLXD salary beiMs
20/11/2021,-47.78,dreCEQWmcb energy gdMzS
31/07/2021,-8.45,eajZuxtwUa fitness NrTQs
30/08/2021,-58.79,UEsCLgnjbO british gas wgXrj
30/05/2021,67.82,yoExHtMYMY birthday gift ydNTk
16/04/2021,-38.41,czNIeBvekc invest syfAR
12/09/2020,-8.78,VGKckRsAJY spa sKuAp
08/03/2022,-67.48,ufxHWLUAPh coop VFFJN
25/04/2022,-41.92,SpVlefKxsC asda TYMsw
16/03/2022,-72.98,VMWTBqHkoE sainsbury NmgeH
15/04/2021,-17.61,WgSAnbeyCD john lewis gysLa
13/09/2021,-22.29,aJLMbGDyqe metrolink HlvOs
04/09/2021,-58.63,FoGLAGuGgT coop tbUAW
28/04/2021,35.95,CKHZLnHluq salary FakfM
12/01/2022,-8.67,AYotckqZQc vanguard YFuTg
12/12/2021,-74.35,VyNdrbCEMs cinema UWuBZ
18/08/2022,-63.48,XTWoXGXbrO spa sQnyU
22/12/2021,-2.35,nrCVmebhFB fuel YPoby
16/06/2022,-83.55,WpPiKpJpUR fuel XHJSL
08/04/2021,-88.82,lcAXZldVbZ fitness prxPL
04/08/2021,-0.77,iVeRQymeua fitness yVmXf
13/12/2021,-74.69,FDHAUafZDy octopus UynhX
16/05/2021,-63.64,yNUFOdxXzc invest WXHRT
05/08/2022,11.93,MYfQLBQFmy salary jHfTm
18/03/2022,-44.0,WeDkUMkxaO fuel zrqum
14/03/2021,-66.65,ZsyYFsQZGr bus MdyWq
13/12/2020,88.8,ZwWuTAFSin salary NHrML
26/03/2022,42.81,aNxHODLaLW paycheck LJhgh
10/07/2021,-33.23,RPNlVEKfHd john lewis NyyeT
05/04/2021,-12.44,pPTzussAFR m&s JjcCd
22/10/2020,-52.58,FmnvUIQRub invest VPaZk
21/03/2021,65.42,LAVvyRanYL salary cmTDB
12/05/2022,-76.06,uQtXrFolnN asda srEmy
09/06/2021,-89.51,TyLOrhMrkY metrolink hqEtd
05/10/2021,-28.19,yJGtjQZGPg coop zwWqh
04/09/2021,-84.33,neUajQSiyN apple GAlQn
20/08/2022,-48.01,BSDXOzYTVj tesco QJudX
29/10/2021,-59.79,RWIMRkDFFh bt qaMbd
20/08/2022,-91.01,rkCXBXKdXp john lewis ajpbb
31/08/2021,-58.51,rssYfDDtIm vanguard Jlsoz
09/10/2020,1.75,hlUgXPUksq salary gbKRJ
15/04/2022,-30.64,PaEDLbYZCS vanguard uxyCV
17/02/2022,21.7,WPpSLBahCl salary anWgj
17/08/2021,60.12,fkXGgYYimP paycheck xwjJU
16/10/2021,78.08,wkwhIAqDGw birthday gift fuuxB
03/08/2022,-41.52,IVeQOXpRVp bt igpuV
04/05/2021,54.55,kzcPJieRUG birthday gift mGgio
08/12/2020,11.76,PrdfrsgEzf birthday gift ICczh
06/10/2020,-27.03,wbIsxfcgSg energy FLnWs
16/01/2021,-47.43,CUvanDpvBm greggs HsRaK
30/07/2021,55.01,cJrBTBsAll salary sDghB
28/03/2022,48.15,pGZwsjxMcU salary Prpfc
13/08/2022,-48.61,WltTNNaMyN tesco neddw
14/06/2021,-65.96,NUQFkReGeK sainsbury WZIXF
19/03/2022,-66.49,bJnGjsCbss o2 WhZRS
26/10/2021,-68.28,shGVAZaZpU tesco ZxEGN
21/02/2022,-40.95,OXzUVuuIpl asda MOFBr
08/06/2021,-71.77,jExFHIQnQh invest lAfNc
21/11/2020,-75.98,CNNvMjKvVv coop DElGw
11/03/2021,80.11,cEluJiTcPC paycheck eymnC
23/02/2021,-46.99,JDIAjtsFdo adobe oROAX
18/12/2020,24.05,TiNPcEeDbx birthday gift vKzvk
16/10/2020,-61.94,zlYYCprNYZ o2 mZJPl
28/12/2021,2.48,gpoRDDiTgp birthday gift ulsDV
17/04/2021,-82.51,ueIYdmfwHd fuel fQsaZ
15/03/2022,11.31,JMKjVHNGkx birthday gift AhySA
16/09/2020,-58.69,GzuVXlqkPg tesco oGZJF
25/01/2022,-14.42,IfvlpuIiBI british gas MDdNS
23/09/2020,-66.04,JfBbDySWcc united utilities nKXun
23/04/2021,-75.41,OsLsLrNxdT bowling cXxyi
02/08/2021,8.89,ojXGLaFmqr birthday gift cZnok
15/07/2022,-69.22,CjdrSqKeWM gym exUtC
10/08/2021,-74.95,UVFmvwlDIy etoro rKfIc
24/07/2022,19.54,WFVCFtJlXZ paycheck ZDuBI
15/06/2021,-45.8,vigFGOPlrb o2 JixYn
23/01/2022,-21.12,klkuQmBTTa sainsbury pZEqc
01/04/2021,-46.82,JxMBxptqiZ cinema gBXcP
18/02/2022,36.66,PpxiHAOttx salary CfUHx
02/05/2021,-18.63,hhZhoqwjBY metrolink nwEcP
15/07/2022,-49.88,oHOowkklum energy POvky
05/11/2021,77.44,FMhWUGUlwU birthday gift dYmev
03/07/2021,3.91,xBBdSDfufq paycheck kkdlY
14/12/2021,-35.17,NVSVVAuSYy etoro eDBgl
22/04/2021,28.93,mZbtQACEpd paycheck zGhLl
10/12/2020,-56.86,feOcTdrGix invest naflI
21/10/2021,-45.42,AwxxAwBfYP etoro MaXAv
31/10/2021,68.55,NYSbZrrsBZ birthday gift mvchK
04/03/2022,-56.38,FczYrRmSfY marks&spencer JAoiH
17/02/2021,-20.94,UXrKYqCgfE united utilities HHWAT
12/04/2021,-17.88,aLTsJShpOT o2 TGMzB
21/10/2021,-66.44,jZHKdMNCVN fuel trMWt
07/01/2022,-2.48,GQZDPYXLup british gas zNBwT
19/11/2020,-93.08,dUJiquGZKX marks&spencer bPvCB
25/03/2021,-70.93,ANSHWCryWK john lewis Fjwlq
09/05/2021,-17.37,jBpvwEuYOb amzn iKOhv
17/06/2021,32.59,YUoljJGtlb birthday gift EOYgn
07/12/2021,-65.56,LBltqgBFSS greggs rsyFj
13/06/2021,2.91,JBuDlegMmE birthday gift tgquw
05/11/2020,-51.01,qcYqUYBWCo metrolink pxAuM
25/02/2021,-64.05,AAzVwACcqv cinema kPcNe
06/09/2021,-3.56,xydVvMCSOj john lewis EVKww
20/11/2021,-35.36,kPThjFdTJf fitness SjtMR
20/08/2022,-24.19,XZfVwsYGVb british gas zieDZ
26/05/2022,-88.56,NHETnhOegd fuel MRjad
24/09/2020,72.2,taOtrMOlbB birthday gift gcmzk
23/05/2021,-6.69,EhkhKQkxhX invest svJvk
10/04/2021,28.26,lCRvGrOWzj salary VlRBf
24/04/2021,-19.82,wkUPfjTPvo octopus VBITj
09/02/2021,-41.1,sEyYFwtQUh spa wjFRC
07/01/2021,64.28,fQCWmbGyyH paycheck IENKr
02/07/2021,10.04,AxVlsKdagH salary LJQZi
10/06/2022,-26.56,sGbKJQRKyb energy QsnwH
07/12/2020,-71.38,ongqvjiSOw united utilities CqilV
04/05/2022,19.77,nshqdnrbLf paycheck TwnIC
11/07/2021,-48.19,ccjzYcMPjB energy YxjJz
27/02/2021,31.03,xLTJrJsObi birthday gift hoUMd
20/12/2020,-35.63,aqPoKWmWiA bowling BQnyo
03/11/2020,-62.8,CHjQGAvauh amazon lmIVq
01/02/2022,6.61,reziYAKMoP birthday gift IiNbq
01/09/2021,-27.81,mMGwuYmyLt invest DjGQG
13/08/2021,-48.85,ELWQsMZXbU fitness rRgCH
08/12/2021,-19.05,fTIkWTBrje john lewis oxpPa
07/02/2022,-12.06,aqYDdcwAqP octopus qLFZQ
19/07/2021,48.69,kMJtTnfzuz salary rEwQU
21/12/2020,20.33,DxOhTRcgds salary sGWXD
10/12/2021,15.19,jvPBkIdmPR paycheck jHRIs
03/04/2021,42.54,qDFEUmwgsw salary OzXDN
14/04/2022,34.21,BvseMpJlRY birthday gift vxXln
26/10/2020,53.53,pZKPUPagtZ paycheck JFkph
26/06/2022,-54.5,XEbqElxqvd coop gutQz
27/11/2021,-55.94,UNQxuuEcQZ vanguard hMlbN
06/04/2022,-44.83,SlqKDwwxzY british gas UHOyY
08/10/2021,-54.46,tMsxEhCfZc adobe bfXnF
23/07/2021,9.51,TGAmYBtkzy birthday gift xPbGs
01/02/2022,-49.21,IEXeCooBse bt qPrXl
30/12/2021,-32.74,GLPLOdOSMM asda tztEG
08/03/2021,-10.46,HsEEdzZzap united utilities hMLUb
11/03/2022,-67.32,eoqAaFMeBL o2 CtgMk
16/06/2021,-14.37,ULpXmwePXc amazon UgNQv
17/02/2021,-29.91,NEohTGfMop metrolink ASReu
29/06/2021,33.64,ikkMCreTya birthday gift OMyNJ
21/09/2020,-52.4,OIfJNJvSNG energy UKMHM
23/09/2020,-39.77,NPBiNdVALS spa kqzSD
16/08/2021,-5.12,uBLMtkRwuk john lewis AtOXx
03/02/2021,-13.32,wpruvkflJL fitness gVtbc
24/06/2021,-24.61,uEyiPCzIgI amzn YHHvR
06/08/2022,9.5,FCnnXozeJt salary dKnhG
30/10/2021,-45.84,UOzEyRYnIe o2 UlCvZ
15/07/2022,68.32,IvbDzVAfeH paycheck xNFfP
11/07/2022,72.74,gTDHcPaKWF birthday gift aJBSH
09/07/2022,59.37,oFkJhEUmFb salary zosKj
11/05/2022,-20.41,CZaIqfivbA british gas qramx
22/08/2021,-34.39,nkvJuRWhcZ adobe LobjO
23/12/2021,-60.83,xTGjdtXaMT john lewis EEAUa
11/12/2021,39.03,kJzztJfuZv birthday gift xoXoR
02/05/2021,-21.34,uyvUkGOKUc energy iLBae
18/11/2020,-44.4,kAtyxHobiB invest ZJWCi
21/10/2021,-46.12,eKbsKbyFYp greggs slTAa
22/01/2021,-43.91,CxZlXHfRTi john lewis JKZxr
30/10/2020,-28.02,yOypCPktNf tesco tjrXG
31/07/2021,39.29,oNxkFoKzyw birthday gift xyGhA
09/07/2022,13.85,CozQzyngjC paycheck LFVLr
12/05/2021,0.75,bQQyiyBYZa paycheck vwXdX
06/02/2022,-87.47,eqOkTiDteT cinema thjKa
05/07/2022,-55.47,eZWUXVqmhJ octopus EzJyP
29/09/2020,-17.79,IwLtUAWMmb gym sVCbo
13/06/2021,-58.78,nwsUIKhwbu vanguard MqsKZ
13/01/2021,-42.09,teZkARoTxI tesco oHxdy
06/07/2021,13.91,TlgOEFLbth salary rEgMg
13/10/2021,-44.69,AMBdJlJfQR vanguard cHplg
08/08/2021,9.88,dYVIxIGunF birthday gift mKUwt
28/01/2022,-75.64,SIOIYRcrub bt QGvmm
26/11/2020,-60.14,LWwsmdcgsZ invest NcRYs
14/09/2021,-16.44,FxWVBSrijr adobe yXftE
06/01/2022,-49.91,vHTjTErUYT asda cHCCW
10/07/2022,-31.13,daITGTvUJQ spa hdMKW
15/04/2022,-63.21,FROfiPEBmB greggs cOMpe
31/03/2022,-52.66,pZyfxzxLjB british gas mirce
08/10/2020,-37.36,hKoXZvpTzX invest rUnxO
11/03/2021,-35.9,lvbAaqZRBJ bt AiRHe
22/05/2021,45.18,tXJcBIHLGr birthday gift DaKxf
30/09/2020,-57.29,MNIDRbhIWZ coop yWIxb
28/02/2021,45.79,DUzEQjIZAD paycheck SOdsh
20/10/2021,-76.93,JzItyfqisr metrolink bhAXB
17/03/2022,-42.63,EOAKcjWhbr metrolink ZiRVG
13/12/2020,61.11,EUXOgmKues paycheck ZWMjd
20/05/2021,-80.03,zhJaQRwxTr marks&spencer rrlnY
16/08/2022,-86.47,MrgRTtVlwv greggs xZWLW
07/06/2022,-42.54,kbTxlobusy asda CFReW
28/11/2020,-33.35,ZXtgjTURGk gym jVQjA
06/07/2021,-55.01,CiIbILljZP bt vjGjr
11/02/2021,-50.25,CkqOCrNVVB amazon IGSfj
10/10/2020,-34.68,BSFkcnOHhF apple emTZX
28/07/2022,-51.74,WHessMvNTe cash BGClq
26/07/2021,58.78,phNFwLSzOv birthday gift dSDas
25/06/2021,20.34,dkdSelpbvC paycheck sXxBm
02/02/2021,-60.11,dqBWrxnwjs greggs DabLj
25/10/2020,3.47,CHuHMPdgGB paycheck OlhLg
09/02/2021,-13.99,NyrlbLcSwm gym CIwRI
24/05/2021,14.65,DAaXnaxsUh birthday gift yqkCQ
24/12/2020,-24.4,EfhryHYdmt united utilities TuoTM
10/12/2020,88.46,McnvcdtOMB paycheck GbBXG
22/03/2021,-30.2,nyknXjwllQ metrolink Hevqs
01/02/2021,-87.86,sEHuTHxTUr o2 qzKzT
17/09/2021,-18.91,DADEAlxFBF m&s KpykL
01/11/2021,-57.48,frtyWiMhPa sainsbury OEPPJ
16/01/2021,38.12,oqWuoLhbcN salary OlTRx
21/05/2021,-54.06,RWUUBWSZYi bowling rutDi
26/10/2020,-52.51,dnwbYKduEm tesco OvmLM
15/03/2022,-28.6,RtGSKtdSqq united utilities vqwag
26/01/2022,-30.24,VliVAoFzOC energy uyLSq
15/09/2020,-2.94,HgYucuOYkC energy BxKNa
30/09/2021,-10.03,AHEOIhYPPG energy xnPfp
04/06/2021,-79.99,oNXJZAfobV metrolink OBFeD
03/01/2022,40.64,gDEgueDtsD birthday gift LWkpY
30/11/2020,62.78,WtReMnTVga salary agPdW
26/02/2021,77.23,iIPUHiJeCX salary WXlPv
01/08/2021,-66.37,mZPAlDsZwN apple htbKm
25/02/2022,25.96,bbOrFqHYhM salary oyeLd
07/11/2020,-74.58,PuuwkwMxxd fuel klLaJ
18/11/2021,-65.25,uJKvXNiqLf bus pVymW
07/02/2021,-17.34,UPZkfqGRcX nandos tmbwn
06/10/2020,-7.57,sWrxDPEHGp metrolink AHOMZ
17/02/2021,3.73,kIDEDDWBdU birthday gift Ftjvx
01/09/2021,-79.49,bhbqzpvuIx cinema ZzJFY
04/03/2021,-11.29,JAZwWlJFwz marks&spencer JiBfu
14/11/2021,-69.29,GryUPfRSIv bowling ruKry
12/05/2021,-34.75,XBXAYKAQKh cash TfxFn
29/07/2022,-61.62,BMPvyIzgrp tfgm TVCmu
04/07/2022,-38.36,kFuWETJXEB etoro pbHQB
28/03/2022,-61.88,rJSUlLtOEd cash cDPKM
20/10/2021,-48.35,yCAAALYETZ fuel lKBzp
05/03/2022,-26.82,GmquLNnqIZ invest durcJ
17/05/2021,-45.44,XmmKYlIMta metrolink WXqlU
16/10/2021,-50.32,sbWMjIguZn aldi RLfAk
17/08/2022,-44.95,LbsJZKXRXU tfgm GUASq
07/04/2021,-35.66,TwCdfxCbJy united utilities enMuA
21/03/2021,-85.18,nMSyOVQIIF sainsbury fXIDa
05/01/2021,-55.28,btNXzAQEBD united utilities NScPm
25/03/2021,-72.68,rmcyOBwuZV british gas lqNPs
18/02/2021,-49.97,LMOPzBpYma gym dOxFg
07/04/2021,-24.04,QxwuhrVTCT amazon Tmaba
01/08/2021,-26.41,moQBacNXbN john lewis DGeHa
15/12/2021,-4.26,HuluZazpmG metrolink jnQeR
31/07/2022,-34.96,uRevJghUyP fuel GffXw
14/01/2021,-88.5,WRkbvvFWyN amazon JvvnZ
11/08/2021,-8.61,ZixgvvOzmd vanguard thrPq
01/11/2020,50.34,jmbxsxpONy salary joKxt
20/09/2020,42.01,gQCfZOZIAK paycheck FaHtG
17/02/2021,-75.18,DyEtCTJgZN adobe OqwGJ
13/09/2020,-81.38,nrbAElnmEn energy zatAc
16/04/2021,64.11,LNKrgQvgbl salary OQcUt
13/03/2021,-30.06,pSMBhVYmev etoro DnNsE
16/05/2022,-58.93,peDhqZWMwj nabu casa YgPnf
06/11/2020,-50.44,kfqcnTbsHG o2 mSnpy
16/10/2021,60.29,mMlUqwUGRh salary XeqBT
09/01/2022,30.19,aMywLfkzbl birthday gift TOwkK
09/09/2021,13.05,UCEWhbysbR salary zMUnJ
17/04/2021,-1.09,BbCYHKhyKx sainsbury LlyCw
19/05/2021,31.85,GhnUuPxkWk paycheck xhkdE
14/11/2020,-77.14,kvfHjPVTDK fitness xygpn
04/07/2021,-47.82,fpKQfYzwxU amzn pnMqd
26/05/2021,-17.63,YZPAyYjbTf bt JWBrH
03/03/2022,7.32,MOOkNeclBD birthday gift aUzMD
11/04/2021,-9.25,bJezQQFCjg british gas daeZf
29/05/2021,-71.73,CRouYqnbZA bt ohbWw
19/08/2021,-26.21,RLDvqbgApu marks&spencer dIBCl
01/02/2022,39.65,yQSbDgwaSF salary CoxCK
09/10/2021,-5.66,VrNjVlocMu amazon QxFlX
30/07/2021,-63.13,bGKtnJyhcB vanguard blcsz
21/09/2020,-55.74,VpVxYGkNcF o2 luvWD
01/06/2022,-54.84,ZdtGrhxrel nabu casa SlriL
16/10/2020,56.79,nlDdVIDEpG birthday gift JRALs
19/06/2022,78.71,HfwNwEMvqB paycheck dsnlf
18/03/2022,87.97,srMTZypxGN salary xmfnV
13/01/2022,-31.5,BrNqhIPHmu bus cveIz
16/06/2022,-69.29,bMrmvoXYCP octopus hluOm
02/01/2021,8.91,ChYYgbzoGe birthday gift fWVqH
23/10/2020,11.63,PltQfRNlyj salary hyHYU
21/06/2021,-74.82,gDqQbBdKoj fitness GOjHD
01/01/2021,-5.98,qlRvXDTyvY coop xyJrA
22/11/2021,20.76,AjDqWpGzer birthday gift SkxBS
05/12/2021,-85.62,ZMxQaqCXAd cinema NhGsf
12/01/2021,-54.93,UbFQhfyaPQ spa BXFlT
29/05/2021,-26.17,wdvEvazsTD fitness uzdEv
17/03/2021,41.27,BIHlNNQNJH birthday gift xHyiQ
22/06/2021,-47.13,zFczILhFuJ o2 bwlRA
19/03/2022,-28.26,VOYmCdeZLJ greggs EJZBQ
03/01/2021,1.57,NisNWztvvk paycheck aUAsi
13/06/2021,-43.68,SFMqeVAUWq cash fOShT
20/12/2020,-78.47,AOjYayuBIl m&s dmEks
09/11/2020,64.32,ULYsyQNrCU paycheck vhZHa
27/04/2022,-86.81,CBVTErjrDb nandos Foxqr
10/07/2021,30.02,JJuZxQweVD salary inpyq
13/03/2022,-58.84,lSXdNyvZfo amzn mFHyQ
19/04/2021,36.92,DsqcwpBxiW paycheck ewcUh
02/12/2020,-81.9,PMDiZkmmhN invest IgKNB
14/10/2020,-67.02,QovsLjmLwY coop bLfiQ
03/06/2022,-54.49,oOfZVnukKF fitness BOjAD
03/07/2021,-74.75,dOEbbKpRog invest ccHnW
05/10/2020,-33.68,ycNRakFCUX etoro sWLTA
25/08/2020,-16.52,xKpXlNloJu cash kEiON
29/12/2020,-24.83,Flzkqrckvl cinema lIPCE
14/05/2022,1.05,pMrsCPeREU salary bMXpG
10/07/2022,-13.71,nKZmmwXIjD amzn Gvyea
30/05/2022,58.35,mvOmqVcMDz birthday gift ZMRwY
13/03/2021,-45.86,tMJotwtceE invest kcBwQ
27/12/2020,-7.14,phDeJwaZoo bus TDDXE
10/01/2022,-49.38,JsLslffZyD vanguard DDlHR
01/08/2022,24.15,bgLuxmjdXj birthday gift zfEDv
02/09/2021,34.19,cYWWWxAfKp paycheck BjZqY
05/04/2021,-24.63,PDCmDupUWN cinema TdzoB
07/10/2021,-21.14,AfCAPhzFQk nabu casa aSTob
30/01/2021,-56.98,bcWMBpoZrQ tesco eurBE
01/01/2022,-41.85,JdWpExzKEj vanguard Vwgfb
21/07/2021,-27.19,UTKPrvVSnw metrolink ZMdvD
09/03/2021,-29.28,jGgaBlUXyW aldi QnEYP
28/07/2022,-30.75,ZdUIwGKUwD coop VuZst
20/01/2022,-62.61,xWcCYtabfy bowling ZMOux
02/09/2021,-22.11,iYalJSFxJE fitness jnDlG
02/01/2022,20.22,igUfHKLrKj paycheck DwiBP
25/12/2021,-95.29,IYagYLabDS fuel xpNYo
14/10/2020,-20.18,TxHKMxlJcT bowling vyudn
13/04/2021,-61.52,aqfAQmIfxv bt MBGtt
14/05/2021,-34.59,mTvDFnWuHC tesco VXeCf
03/11/2020,-84.43,rdfWHMLvJe fitness Mzqbe
03/11/2021,21.45,ZAFLDMEBUm paycheck HfnrK
04/08/2021,-10.77,cZQtNEqncY invest dErgm
20/06/2022,-57.72,qRksTEketO asda CqnXz
31/05/2021,-64.86,YLZUZEPAhg british gas uiJVP
22/08/2021,-9.26,pDnjXvmjZx vanguard KribR
23/06/2022,50.46,QLDCkDxoed salary SAiHO
26/08/2021,-69.74,wlZJGRojbF energy duQdq
10/04/2022,53.18,BreNsIBKfL salary JmsbU
10/06/2022,-21.28,sSzFptFnhC m&s aZxaa
26/07/2021,72.98,ZSVSAChFAz paycheck EIoPS
08/07/2021,-31.54,ZUwRXzmjJG amzn TJFnR
15/09/2020,51.5,oVORVOHasy paycheck YyhsR
06/09/2021,-34.05,MduuMmkCXM o2 TxDvX
11/10/2021,6.46,WYfUrhlYrr salary duiKZ
29/11/2020,-84.8,wKIdXqUBBO octopus yBkuC
17/06/2022,-38.1,beZnHfIhUp adobe sWTNA
24/09/2021,62.79,ulTZnFFGCn birthday gift XbGDA
06/07/2022,-69.93,SBzzBvVzJh cash yKbhj
10/11/2020,-35.09,OXguQdlHQI greggs GGtUr
19/02/2021,-52.19,ZpREQFTeBr vanguard dPCEJ
25/09/2021,-31.07,vEovqwuIql british gas Jcshn
20/06/2022,-61.27,pcgtNeRlQY nabu casa bLAek
10/11/2020,-71.49,MnfMIlqzbw octopus AHmDh
31/01/2021,-17.7,FzJDUFxnww sainsbury QmLsk
13/04/2021,-42.5,yMyVKFiMUa metrolink xRpDU
09/05/2021,10.15,ZIyQZJTAnF salary hLJLz
04/06/2021,-50.68,dxpmTAECEt fuel XkCvq
01/03/2021,40.6,FMfcvThvxd paycheck OjaQH
10/01/2021,71.02,cnPCEtvQZO salary bvost
26/10/2021,-28.27,OCTOrHSySa john lewis JDVoX
28/08/2020,34.19,DacMTkkwjV birthday gift JLMNu
29/08/2021,-74.87,rwWOPWMdGu octopus wWvaj
15/04/2022,-30.28,asiTJusgOs energy QnFoy
19/08/2022,-59.12,LnUEfQnsfo fitness ExKub
30/11/2021,-54.85,eQxGCefzPS cinema dMWIn
10/08/2022,-14.63,GztedBAYhS metrolink HJiPa
25/02/2021,13.12,fcomOAUeJV salary XZOzo
25/07/2022,3.76,GIYAOTnFrg birthday gift NCEMQ
10/07/2021,-29.36,fuLOMQhpLD m&s KGQqR
10/06/2022,37.42,gclffFpYfh birthday gift KkVTh
28/07/2022,23.61,smCeQjUUjr birthday gift RQzLn
05/07/2021,13.78,EIjasHTmUY birthday gift KFDBH
27/08/2021,0.16,pypOzJgjNC paycheck JFfIC
13/09/2020,-72.47,hlVTfLWoUz bowling Hvjes
01/10/2021,-33.6,WTEITeGlCJ coop pjUhK
14/12/2021,-57.4,uKojqprCtA fuel yYxZo
08/09/2021,6.46,knlwzFJQVF birthday gift bepZD
07/03/2021,-23.17,rCSmmNUwyT marks&spencer WOVsQ
21/01/2022,84.19,tKZQWKDRvq salary fEqGS
11/09/2021,32.16,QZdCXjeeAx salary dLIXM
13/11/2021,26.54,EaRgBlDlny salary iJmfI
25/08/2020,-72.23,LIOAOsQagf energy NiqPl
01/07/2021,-55.42,pGHPgfJuRM apple fAVup
27/01/2022,-90.73,UrRVDVIVwe tfgm ecWnB
30/03/2021,77.13,iPsRhOzmnw salary lbuvN
13/04/2021,-46.46,dbuBPkrnRf bt blLgn
03/10/2021,-48.98,uPRJFalZUD apple rhuvK
02/08/2021,-24.37,DgGNXwmglb united utilities VrrpY
27/12/2020,51.08,OKRIcTAnsC birthday gift ihbtN
06/12/2021,-91.75,uAOliYthpO greggs nVFtE
14/03/2021,13.3,KzvGLIERib paycheck slJwW
11/01/2022,-55.96,EMinSJyzhj john lewis IQYuP
10/07/2021,-75.94,JIZOsadkCw octopus QCMjh
23/11/2021,-12.9,tzgmvCDVen vanguard gBHCP
22/11/2020,-91.85,mMswjzJYlF o2 KiLsH
19/02/2022,-88.68,JGnCtMqVNT adobe vZrCk
30/09/2020,58.69,yLJemhFFfW birthday gift NStAY
26/03/2022,-43.15,NiJxQlZOYC adobe WaFTl
06/12/2020,15.44,ixSpnpeJUN paycheck jaooN
04/06/2021,-66.45,RaFkxGDhbU aldi KQNlR
13/08/2021,-12.08,NKMnmqhroL octopus rgeDY
01/10/2021,-53.77,BleXEAiFZk vanguard svZwb
13/09/2021,97.5,vJIyhPfknt birthday gift eXkHu
07/03/2021,69.56,ZTjNBoeOxv salary NuMSZ
20/04/2021,-5.64,OFPqbmYsdC british gas tZGbJ
21/01/2021,-84.12,pektfYnamh energy DyGHe
26/05/2021,-61.03,PSVJbUHVNF bt sxQUj
11/01/2022,-25.2,uISrlcWYDk nandos AFvsC
01/10/2020,23.97,lPiyVThmra paycheck xJpxh
17/05/2021,30.95,GamQgXZuqy salary ZKlTR
25/03/2021,-49.07,SXpemXXtCQ greggs kvniK
10/07/2022,-24.94,HtZfqnjkJs united utilities biJXt
12/09/2020,-64.46,SVcOHRawPD aldi Uvyuv
22/07/2021,-49.28,jgkGDzWMgp fitness FJVCH
13/11/2020,-68.06,qwIJmcGjHb nandos VaaDU
30/01/2022,-51.74,nQbQlKAvok octopus UmshN
25/01/2021,-84.99,CpvWvgaFDO british gas mBuag
22/08/2020,-31.84,PECpHFxEsX british gas FNYiU
08/01/2021,13.63,NYkiXDXyIk paycheck lVJAG
09/09/2020,61.62,OsWKzjsMiZ paycheck CgPkN
15/02/2021,-77.28,YiqSJQyRWU john lewis vEayc
13/06/2022,-11.32,YDHGtomUhu cinema dfgUH
11/03/2021,26.82,LtbKdgQPHz paycheck CKUoM
03/05/2022,-22.35,yPRAAQNkjc sainsbury NBpiR
04/06/2021,-34.73,SBfMyUdQIQ amzn sYifd
21/04/2022,44.53,hiPupJmBar paycheck eaOYE
21/04/2021,10.05,iSLqcOsYSH salary kivml
29/05/2021,-48.86,hEBwpiaZDO etoro ThvAb
15/08/2022,21.49,eQXcgTEaFC paycheck xxJJF
06/05/2021,-41.71,AMujGvZyth marks&spencer fuOJo
07/10/2021,-73.0,xVFsXhUYRb amzn uIxco
16/04/2021,-80.51,yHHXDeGiuZ nandos erJvb
02/10/2020,28.36,WasVCYHLWh birthday gift muGig
17/08/2021,44.14,JmjTRhKiSS birthday gift BXSxS
20/10/2021,-0.66,hCcHmUCMhG tfgm KmiVY
11/09/2021,-63.11,ItICTbocBL amazon bIrPp
04/07/2021,53.74,GqvBqjMJWw birthday gift ZAWAi
28/05/2022,8.79,lfJcVdhYUc birthday gift dqWHM
05/10/2021,-69.49,PHmffECKbQ greggs qMMOx
15/11/2020,-60.17,HrnoPUkVCc vanguard lRaHu
29/11/2021,20.83,gBnOwpNect birthday gift vDtdK
01/01/2021,-55.39,XWbkUkKiqH energy bChnk
13/06/2021,-2.69,dMFKsnBPID coop zhahq
05/07/2021,-37.54,FmvPjCQUCw asda mgxsQ
21/11/2020,-44.54,HePTbDSwKe spa FKQwo
28/05/2021,35.57,EfJUBuqhRw salary KvDwb
13/03/2021,-26.89,FdDUzHZzKm amzn BbMWC
20/06/2021,-32.73,KxRGJTJeYd gym dYUCI
09/04/2021,18.44,PcSYSJscYQ salary xafxF
20/12/2021,3.91,GjVTKKXSuJ salary HEeJz
04/04/2022,-54.36,wWloMgmyMG m&s WuPsr
19/04/2022,-16.84,heQXCXDvEL fitness VMefe
03/05/2022,-34.73,SqxSGnjtMx aldi LOhUw
14/02/2021,-38.51,VCqtaKYtHZ apple fDFpS
12/02/2021,-44.5,dEkjVhSBrE coop gtUbp
03/09/2020,-22.26,hUnBtJYSvL tfgm TLwAf
20/01/2021,-37.37,qxITuSfzLg cash NnDYk
04/01/2021,61.83,aPbbdfPirY birthday gift FBgNC
16/07/2021,-46.1,RXDknlNzyX cinema dVHFh
13/09/2021,55.57,ntfsfYLaYg salary DGUWX
26/03/2021,-64.31,saHlRhhcsb united utilities xBACC
27/08/2020,-14.87,gXRKEZixqR bus vuyho
07/08/2021,-3.67,ExNvzftTDx tesco CEVzX
01/12/2020,-0.75,eTxdtjMFCB nabu casa HaFoJ
18/11/2021,7.86,HYjKxVcNTT salary uHrXT
20/07/2021,-51.38,uhVjecwixX united utilities awzkb
17/09/2021,-22.12,ubDANDzSZi vanguard CKFvG
27/02/2021,-2.59,dIYloGhJkW m&s PmtuG
02/10/2020,-77.04,qmcxwPPrnv m&s EJIGb
21/02/2021,-87.41,CczwTYZWWC tfgm rSLGW
01/01/2021,-69.26,MoOrWrzmar cash VDAdW
14/01/2022,10.47,QtaFWPPZha birthday gift zmoMe
03/06/2021,10.7,RLcnewxCDw birthday gift phpFC
14/05/2022,11.82,VoEZWrXJKH birthday gift GtVGX
11/06/2022,8.17,uoiCadAzwm paycheck ESLuE
01/03/2022,-29.42,SARHSzQfsT john lewis RGwfg
25/12/2020,-34.4,iqoygMGsRX greggs PbQzE
28/05/2022,35.1,YGSgdfuvOa paycheck INBHY
14/12/2021,19.4,SMrXbhPQhf paycheck IyUnh
16/05/2022,52.27,NzgzbHiIyv salary bQnTg
18/07/2021,-39.86,yLiCkwXtIp adobe bdNLJ
19/01/2022,-41.8,UzVfTNthGp adobe NYQJQ
25/12/2021,-42.86,vODmMEoUHy british gas LsCUO
02/05/2021,-65.69,qfInqBPeVn metrolink NGmtZ
07/02/2022,39.06,sDQHnTAddT salary YNkcM
02/01/2022,-29.88,QJNFHeLHtG amzn mOACd
28/10/2020,-3.89,PODwnhFaoQ coop qrtds
19/05/2022,-50.25,oAboNQufIg fuel vZTyd
19/01/2022,-66.72,jBUDrtKDBa coop yAVyf
24/01/2021,25.3,bDEErpQIqs salary wVazQ
14/07/2022,-72.45,NDvglqBxOq bt OKzdG
29/04/2021,-52.56,hUCtGLQdCV invest eSMrZ
08/06/2021,-30.48,OHfXaMGcyb bt SeZom
19/10/2020,-48.52,cRMuBaRZNJ metrolink tMVZt
16/09/2021,-6.74,kDwRieeZSk nabu casa LoYDx
22/07/2022,-27.3,FPzPZyeTbQ o2 mPeCe
25/09/2021,64.96,QsbxiXCrKo paycheck jGFQl
12/06/2021,-25.15,WZUsIECxsN fitness RvkUf
19/05/2022,-70.46,QLEHhHlmah british gas EKsmQ
16/01/2021,-59.84,irihfwvMlJ m&s DXdlv
04/05/2021,-71.78,GvfJNPuoDw spa KYqOY
31/10/2021,-87.68,TBeSVPiRDe amzn ItKNw
01/07/2022,46.67,UxLbbgYlbk birthday gift endkn
12/02/2021,-17.35,XPmFDWNhJN vanguard cLTFL
15/08/2022,-81.99,hVwTtTYYhS energy sijFD
31/05/2021,23.38,zFKTHJvdHa salary FppHV
04/04/2022,-67.26,zxlgrGvbIT sainsbury neCnU
10/03/2021,-63.64,JtuwpXbEkB nabu casa DBcGu
28/10/2020,-57.53,xDoSTyPqnn united utilities htdYk
27/08/2020,26.57,rGSQPBCVay paycheck Szicx
27/07/2021,-59.65,IGVIHMVplM cinema UTdRH
30/12/2021,-16.97,uqouDTFltW amzn IxVoc
25/04/2022,-38.16,IZSlWpWTUg metrolink RnVYV
28/12/2020,-0.02,sqSXDuYoTw tesco zDkAL
04/11/2021,-51.26,elPqotusay octopus HHmfg
17/10/2021,-75.89,YSmSDpsIpq fitness oonuI
13/04/2022,-72.42,ABYCEwPWNs invest zOzBJ
12/07/2022,-45.09,qJCrEuZzRS m&s ZgUdy
21/05/2021,-18.07,iPwGEjfbMn m&s AaSXc
11/05/2022,33.05,JNmUBWIgtZ salary chtkC
08/11/2021,-14.04,QELwqqoNmP coop cQBfH
19/06/2021,-57.14,rtUilgqeqF bt PEETu
01/09/2021,29.35,GvODfaqPWA birthday gift gGliT
24/12/2021,-87.61,rDkVkkJfLF greggs urSax
01/09/2020,-85.89,SllOTveANe energy zjXpW
29/07/2021,47.8,ZIACuoEWMc birthday gift VtgDs
29/03/2021,-32.46,ycwbetUrsf greggs MnXFK
09/09/2021,-42.41,mpbVfuzjte bt HarHF
09/11/2020,-62.89,HjUlYGbdkd nandos pZlMK
25/01/2022,-52.64,SXMNHSntiU nabu casa ksTWI
10/07/2021,-61.19,hdFSOGVggV tfgm usqXf
15/07/2022,-58.65,iEMvTQzuZD bowling EaBBv
16/02/2021,-69.76,qpDYWCSdpu coop DhaCM
15/05/2021,-65.9,GNEwtdDvpi gym ctsXk
16/03/2021,-2.26,ptoMbCwqCg bowling JLiuN
07/04/2021,4.62,bfmPjGlvAD paycheck VVcTE
03/06/2022,59.23,KTAGEfUxvc birthday gift JStbe
02/08/2022,-20.27,yDWgyZfKZu nandos dOnCR
28/10/2021,13.64,EmljmJgQWp salary KeKRg
26/11/2021,-76.98,DuTdypPFDm john lewis nQErh
29/12/2020,-5.17,poRVZwBSbl spa fYWgb
22/06/2021,-15.14,DwwNDqCbMh vanguard KTndi
31/01/2022,-3.9,FncJfiGReK sainsbury OTMpn
01/06/2022,-5.47,RicJsQQWnj cash EYsWr
22/07/2021,42.47,IHWhKyAFxy salary xTgZJ
03/03/2022,-6.68,nBpbsVYwuA adobe TdzgC
24/10/2021,-33.75,XfLURNQdlE united utilities wYxnA
20/01/2021,-70.35,ldIRifDtzm tfgm yetgY
25/12/2021,59.51,BuRhKKIAia birthday gift SmSlm
09/10/2020,-6.67,TIlhZeWeDw bus HhtsF
30/01/2022,-73.47,UadUOPRAqG energy FVmqs
04/02/2022,-27.09,yCWXBfYFuc aldi fxlHu
16/08/2022,-66.14,xlRxjFjVbt m&s OgAmk
24/11/2021,-38.35,fJZsMMBKYO adobe BiZqD
31/10/2021,56.01,SQnNcDnUOD paycheck hQlLp
14/08/2022,50.1,ZYPwqZRGHC birthday gift dHrhP
25/01/2022,68.86,knfPkWvPyv paycheck InhoV
29/05/2022,-27.78,VtdCzjsuIJ fuel Idign
11/04/2021,-58.8,sKkyybqtwp fuel WRjQl
30/01/2022,-76.01,EaUfAifBKa adobe fnASO
30/08/2020,38.12,KhsSDtXAxU paycheck wbxNj
20/09/2021,34.18,poVIrGokxE salary riSCo
01/11/2021,-89.29,jxsLNzUEQq metrolink MHSQt
17/05/2022,-55.4,UCKRTRPkox cinema IdJCL
06/08/2022,-24.91,fPyowcpgNf o2 ojwbn
23/11/2020,3.6,SpnvUoEbsY birthday gift HcCXN
22/12/2021,-14.75,oDVJMwWwxa coop JHWzD
31/03/2021,-60.95,vttsKhudrF bt NxlbI
04/12/2021,-26.3,NMmidFSmlY british gas biaMU
01/07/2022,-68.65,fauEYkvAHo o2 GbBqh
14/10/2020,-14.52,khVCFLnprt fuel OemGt
08/06/2021,24.32,atCzFyFuzt salary GIGXc
04/08/2021,-17.7,SXkaItdHPX greggs JfzAt
15/06/2021,-38.67,zQddmblRiX m&s zsoTu
10/08/2021,-93.19,svioTSOcrG amazon VsKUp
23/05/2021,-74.97,iJiXgJuTWN bowling CtCfQ
03/01/2022,-66.0,ICZiuvQyyw aldi IDeqm
21/03/2021,-28.76,uHiLBGxozN o2 UGXXV
22/05/2022,-11.0,UYmsHHrMVk amazon dQZrP
17/05/2022,-43.56,lKnMmnajpU bt JEgzr
06/01/2021,-19.51,zyhQYBsCLo gym EnynT
23/09/2020,-67.88,udovPOhesS british gas iPsEp
30/09/2020,41.64,KwOlVbNauy salary kEswX
10/03/2021,-65.6,ilAXcJBbgs adobe txiOz
12/09/2021,-54.25,uauwGMyWvZ amazon puFph
26/03/2022,-88.49,aMcjGCXPzG adobe YYbrw
01/02/2021,-83.39,yGpxdRgbNc greggs EScsS
05/12/2020,-51.09,MnXBarQrOG british gas AwDnE
08/07/2021,-24.25,AvhSahBpAl apple lbJsQ
02/04/2021,-64.79,fvSbuifunO amzn DztpV
21/08/2021,-75.54,QygZiyNEHl octopus kuFcq
16/04/2021,60.09,wOtPQOFIvZ salary QMXVU
25/04/2021,-84.92,OcsuhvVnxv marks&spencer idxOt
21/07/2022,-73.93,hdLPHjijPg amzn oXZGR
24/01/2021,-57.58,BXGlyahEJe tesco rFwRG
16/07/2022,-6.29,PEHCNGglpA spa eKNRX
12/01/2021,-46.41,XGRfcFOFpE spa JeLnb
11/10/2020,-48.59,vbVTynXfPk greggs jPHNF
20/08/2020,-63.05,LVoKGPKiDX bus ZgOEL
20/12/2020,19.09,CveGPqBozh birthday gift NhLRo
20/07/2021,-19.42,DSCOoyxUmu marks&spencer isuqg
02/07/2021,27.94,zknKAlztNn birthday gift soXvB
10/05/2021,-27.77,hIaAPndCoF amazon JjjoL
20/02/2022,-59.64,ostycSVCvO o2 XjoqJ
17/01/2022,-23.87,SYRuGwNIvs sainsbury aOZkm
09/10/2020,-92.32,ANvaZLvwrV bus TekRr
22/12/2021,48.31,KZCJhGkvWd paycheck INkYD
07/05/2022,41.84,WMZOvvMcUt paycheck hbOjb
18/03/2021,-17.52,AkmSzCLlGD bowling Tteke
17/09/2020,-35.58,FmCbwhKkPX bt szBOF
31/05/2022,-27.11,IBtbBBzNEj amzn mmesN
15/10/2021,69.0,fILClkUTHb salary uxwiV
17/09/2021,-45.6,otiCZwFHFG cinema RFPiB
22/08/2021,24.71,PmPBTVcJZV birthday gift VdWyQ
07/07/2022,39.88,igiegLBRaz birthday gift SRXmK
07/06/2021,62.2,vYduRufCwt salary kXRxg
28/03/2021,79.3,fCtnJPZfvz birthday gift usvcM
02/05/2021,-8.51,wlpPupFHhQ metrolink psBQK
10/06/2021,-53.99,SFXAZymDQS bowling UsSzH
26/02/2021,-4.98,xzxRDuUxZf aldi XGqBJ
20/02/2021,-14.08,STPBoXHRtk invest luubV
20/11/2020,19.98,BdZlAytTxQ birthday gift EWFjV
26/11/2021,-27.01,IqOaRUtNfi fuel tgeNB
15/02/2022,23.27,xRQSwxkCRF birthday gift TbOhg
20/11/2020,-57.8,KWDqHJqIxW o2 PAhaR
02/08/2022,-65.0,BJHdEKNlgh nabu casa NNnhL
25/04/2021,28.65,AcSjpxlmsK birthday gift SziRM
25/01/2021,19.67,mODRFETJay paycheck MfIKf
08/08/2022,80.45,IOKciEkcYF salary JMXxD
15/04/2022,-3.36,EJbiTvScqX sainsbury tuGcf
29/11/2021,80.39,PzodstcsuZ salary LEBjy
31/10/2021,-74.51,TaxraOFncx fuel BhMFt
09/01/2021,84.59,jgrwPKvAom salary RjYXH
07/11/2020,-80.19,vDyAMUgpHM tfgm VWiaG
09/11/2020,-26.94,wYDbBQRrFJ bowling NUHbO
28/12/2021,-75.57,axcOIdJLMm m&s McGWr
09/11/2021,17.4,SyMzPsRrqV salary RzklZ
21/05/2021,24.54,LgWjfNFBzr salary bShuz
28/08/2020,-20.58,eURYmcoBZT invest peKOE
15/07/2022,-30.1,KMIQxhZqmS bowling cvOBf
21/03/2021,-72.28,miOFMmBTmf amzn mpQzp
27/08/2020,43.11,CaelFSxPqL salary IjaXz
07/10/2021,-57.28,faRMAQyKoj invest dSKBv
14/02/2022,-41.21,voBbUDCPaH united utilities CNsDB
06/11/2021,-74.56,bRONRoCggI fitness RpsRH
16/12/2021,-12.41,XOiXgwHHlR aldi NfwjI
18/11/2020,-55.25,UefUowKnyA cinema HPoNA
01/10/2021,-82.15,JCBGNeRevI spa hizVE
24/02/2022,-23.54,VrguTRmJma coop HEZqh
20/05/2022,-62.57,AAYnNnTmqO aldi NOsCM
12/02/2022,-80.36,cydDGfdtna greggs SJZvE
19/09/2021,-46.81,KuEcLaUUCU adobe ynZWq
01/05/2022,16.81,oAarXlDNQG paycheck XhHHm
13/02/2021,23.08,dtAmbfxAmt birthday gift lbVIo
21/04/2022,66.92,PBeZRtrEBK paycheck ATvdd
02/10/2020,-36.37,qrvVEAvFsX adobe NcdOF
01/06/2022,25.42,JeRWdCvKvq paycheck vYnjc
30/01/2022,41.15,ngeDNyikpt paycheck BTYaJ
02/07/2021,-37.83,vZwHxXdjhI nabu casa lasYO
28/05/2021,42.47,bSZzPFKbFg paycheck NcWyR
07/08/2021,-33.8,KuXXZAKBYq etoro AyFcP
22/09/2021,-66.44,SIjWQQEIJC fitness OQvuM
21/01/2022,-11.95,vCHHIwlusr nandos RRCur
07/07/2021,-13.04,kHLEiHYewR energy HQCba
13/05/2022,-93.35,sWVazuBFDc etoro dqkUd
20/09/2021,-87.49,iOdTQFgaoQ octopus JtbEA
27/07/2021,-25.8,zmmajBrQPQ gym nkASq
31/10/2020,-87.5,aixiZKZvyq bt XbRio
07/02/2021,-48.8,ZWJQBGcPaE coop GJcFA
07/02/2022,54.47,iYvcetRVlL salary AYvoz
23/11/2020,-45.39,LyyQaMRiAZ etoro bLiaF
16/05/2021,-10.61,PrdqykNRxD cinema rzcpA
27/07/2021,38.29,VOPaTDVdHc salary vICdt
05/01/2021,-55.12,MszyytjyxV nabu casa nveha
26/04/2022,-21.32,FXzGbbxRYx metrolink iuGla
13/03/2021,32.01,RNMJzYTsnC birthday gift nGwhn
31/03/2021,17.12,hMQemyPfsR salary GDeLp
04/03/2021,20.6,zqoeExtyAm paycheck iQLAd
02/09/2021,-7.03,bWmSTaDrWw british gas zMvOx
09/06/2021,-11.03,qkpHhAZQyx john lewis szpsH
30/06/2021,-29.14,qbCsOpDNvL john lewis kUCfc
04/11/2021,-76.46,nOTdNQZNEf marks&spencer XWeAi
11/01/2021,-44.25,PKfNghmrHO gym rTeEU
05/11/2020,-88.96,IVyVyFnyqy tesco SHvbz
04/02/2022,65.55,gumVAfvpXj salary nWsMG
07/08/2022,-74.4,yXejwiUfyv tesco LIVBh
07/02/2021,-90.14,HzzPfQhaUN bowling dDShQ
30/01/2022,-34.13,SGCLFEsHZH aldi BuJaK
13/07/2021,-37.76,GPtGBYQjaX fitness xDQcT
13/10/2020,53.53,BaJsjaiIvz salary JoUSy
14/09/2020,-64.44,PRfCBFQQLw british gas LYHzR
22/01/2022,-44.15,eyNkKseYTw fitness RawND
21/05/2022,-78.48,WZFPZtjYly coop PuHMD
02/08/2021,56.24,edjTBcydvM birthday gift SnGbd
03/09/2021,-61.91,EdhyZbyFkq energy hTzlv
19/07/2022,-56.29,SpZfRmWZmP apple PCoXB
03/06/2021,47.31,fTtDWSMZKq salary tTmqg
26/06/2021,-67.44,UQQDHrrnjI fuel XUEJy
15/11/2020,-14.01,SFbTvLZior o2 HiFRY
24/07/2022,-34.83,EkeJterhyl vanguard fjqwZ
23/11/2020,-82.43,zOLqKWubua john lewis tDVtw
13/04/2021,-69.21,VwSzluQIlr vanguard smFQh
13/01/2022,-64.86,VYTIimGCIc metrolink ufXbI
06/05/2021,11.29,wbModESUIC salary yOBPG
18/06/2021,26.74,CRenOObDme birthday gift YpEld
27/03/2022,22.07,usPyeJBxcg paycheck MJPGN
27/04/2021,55.14,JdwXiDjYID paycheck UZRCO
24/07/2021,-92.81,vDrZkWPXxO sainsbury varwR
18/01/2022,-36.64,uOeFHBmwBw john lewis pRjMV
21/05/2021,-25.59,JSyRhrJMxA greggs isiax
28/12/2020,39.15,HYJJPlYKug birthday gift jXqTh
04/05/2022,29.43,AGDfkuDqrI birthday gift BxmYf
06/11/2020,-94.67,QSJgObuboo etoro atNEm
08/04/2022,5.78,JrkAGgwNcW paycheck Dptag
21/11/2020,-69.93,HOcWPDOEya amazon WOvlH
30/03/2022,12.18,yIrqAnRIoB salary MmrEn
25/03/2021,66.46,wBEHQSIQaw paycheck wbesS
20/07/2022,-35.35,hxySZTLdHi bus kibiF
23/05/2022,-66.92,XxHDEojgIL metrolink GYOGE
28/06/2022,43.72,cfCBwNAKqQ salary rsEqx
06/08/2022,-51.4,rSsYhzJrIJ nandos tryBk
10/12/2021,-82.38,HMdSiaQXGG nabu casa ZXcKk
15/12/2021,-13.18,YbYxErjVGV cinema IPZLs
19/04/2022,46.84,eDKfWIydZV paycheck uwaDu
30/08/2021,-56.92,ntRFGqHcpT tesco URJVz
15/04/2022,23.48,jprnhIsBCT paycheck YWKri
14/10/2021,-61.73,KewzIeNGew metrolink QMVzj
25/06/2022,-44.43,pMOfXWyqtq bt aQwdT
02/12/2020,43.23,VoOlXoHoRF birthday gift ZTIER
13/11/2021,-40.34,slEehvlWQD sainsbury gJvMX
15/03/2022,31.7,nhLzvaRPBw birthday gift JWrAU
03/08/2021,-4.92,LugTQSbUtz apple CCWbc
09/06/2021,-39.39,sCGdSUTJho greggs feBQp
08/08/2022,-76.86,ecDOTPWznC m&s OLbAo
28/01/2021,33.1,tNWeOpNtcf birthday gift pQGmH
02/02/2022,-68.6,eXgYWhkPyF etoro gWblr
23/08/2020,-20.44,vnNYAdjHcr aldi zyRhk
26/12/2020,-82.14,IlwRrYxwKK fitness pUEEt
28/08/2020,-50.84,EwMdWVXIzk fitness tlDtJ
08/04/2022,-67.22,evqHSYQaXd john lewis UyFaE
04/12/2020,74.85,EFpVwTTQom birthday gift TnEaZ
29/03/2021,-72.23,VqNFBpMwjC gym xsAYE
20/03/2022,-65.35,BNMZdjcFeW gym OmhzU
25/11/2020,58.06,FSkEyYcGFW paycheck myMQw
09/09/2020,72.94,HYMvxemWUO paycheck KbLcx
29/08/2020,-25.67,dAYilDndCa united utilities FYCfD
06/03/2021,-71.8,INBfctSxqL bowling sMzhE
09/09/2020,11.86,ELbdRnYemj birthday gift AQOyr
04/01/2021,5.68,TjAyHAhprT salary rZZBV
18/01/2022,-57.37,xONnYiGpHl fuel QbMDv
19/01/2022,20.66,FoKkkzsbHO paycheck uuzxB
06/05/2022,-79.99,TEFXjWGSXC bowling ozrzD
05/03/2021,-63.09,EKuyVPLWiu amazon knPtY
14/05/2021,-52.64,ZnqsWgPyzp amzn XNgNN
10/12/2021,-77.84,epzwbnovUC coop wqSSY
01/03/2022,-33.73,GQfKuAGUKe adobe qPXEl
30/04/2022,-79.61,qRuHrAIiJO spa ZTWMY
12/07/2022,-77.3,gzzUUublGr gym GnySC
11/07/2022,-69.24,ilRCaAKpka o2 aapyi
09/04/2021,-58.6,haaQHOmfFV aldi WnuIz
12/07/2021,-34.89,MHpuXioxaX tfgm OPOSD
20/12/2020,23.72,tKlzTeXMbg birthday gift ymcij
29/08/2021,-55.01,tIjuyPGWaA m&s YxyRg
20/06/2022,28.04,kWWJmAEBvP salary CzVLF
01/08/2021,-85.2,LLqemRttvi british gas qrhgj
15/12/2020,-49.98,JbgYadlkRa greggs DBuPW
02/11/2020,18.06,ynMtvreQKK paycheck BCdPl
09/09/2021,-10.23,bHxCHLLYhi bus slXRT
14/09/2021,-36.8,fhrVRAnrCT apple jttxY
13/10/2021,24.86,DhTduCUdla salary ezLCZ
30/06/2021,1.3,fkzMpdJQlQ salary npORn
22/09/2021,-47.02,EGkpIhyGAz bt kjygX
23/08/2021,-88.01,DSJqkICYux bt DSVAm
28/04/2022,-49.7,uMfsdjQgLj apple aiPVI
23/06/2022,-57.28,PRtPeXJVld marks&spencer LwwCv
24/10/2021,-36.43,vFhitHdnzZ etoro zJzKu
08/05/2022,36.64,qGkFTLLXSw salary kxjhF
03/04/2022,3.14,QxjeQJYGsi paycheck fJXTU
14/04/2021,-31.38,BNqenqzQOr sainsbury cqpPC
10/12/2020,-16.35,vkAxyUUZvL coop nBWaO
11/03/2022,-69.47,GdZmeNHvoI tfgm RAcqn
01/11/2021,-18.9,mEBWCaCgpg tesco zhdhR
20/02/2022,-35.46,fAmsmBsLsT nandos FVtqN
18/04/2022,-62.03,LvyyPTtgKL adobe HNyWj
08/11/2020,-76.58,gqUezEOutv metrolink vBpGs
20/11/2021,-14.09,fKdUxmyzil asda lMRWW
19/10/2021,-59.58,phjCGjztVW m&s KKHRp
09/07/2022,1.44,lCNtMWIYKB birthday gift SyoPq
19/02/2022,31.05,nyjFdyZcNa paycheck BnsIU
23/08/2021,-40.94,huYXevgucP octopus ezleT
02/03/2021,16.46,bZVJMDgVWv paycheck GRkUH
15/10/2021,-5.82,uKoPPBhNXL bowling yUsdc
23/05/2021,-41.32,pRBIfzgnFm invest GdqFv
14/08/2022,-60.52,JurverpTUj nandos DeEAx
11/03/2022,-61.6,rGdMiaHZHh bus zzpPd
29/10/2021,25.7,hMoBuMblHr paycheck UUfmo
08/08/2022,10.71,LeOrPlrUpO salary UTVnI
22/10/2021,42.44,yhtragODjU paycheck EmESM
22/07/2021,-64.6,twoCjuHNNa aldi EDsMl
25/10/2020,-34.91,OWbeMSgNJN fitness Vkchg
26/05/2022,-59.17,nIQYMdNPoQ greggs uJTER
11/03/2022,-50.8,WwyFlfgsyv invest oIysM
21/02/2021,-88.1,HzBuQfhNRB aldi BUMfk
24/04/2022,-0.97,BLWcVtDjFK british gas RVfmF
16/10/2021,-6.16,gRzKIDfXGY john lewis egFnO
01/05/2021,14.88,nOnmukWzBm paycheck IECBV
30/07/2022,57.57,QsiZZyctEl birthday gift XpJKw
03/01/2021,-31.89,chAGNLetRL adobe HYZGs
04/08/2022,-87.47,CidbRqfQWb tfgm GoOWE
31/08/2021,-79.19,sIxXeGjErb fuel Zbpxz
20/07/2022,-57.49,qDMVaugeSf o2 oHnnd
21/04/2021,9.85,GHTenOpPMp paycheck uekej
08/06/2022,-2.64,ETZGwmYiiY fitness WAzfp
05/05/2022,-50.46,bzgKdsfUuj nabu casa ibcWE
27/10/2020,18.02,acAQONzVgP salary cDIJS
09/05/2021,7.96,OUIYUnuHmb birthday gift NWXob
18/03/2022,24.21,tGZvtGFHRk paycheck ftfTR
31/03/2022,-11.37,viHJHuhDxY marks&spencer dSdZf
02/05/2022,-54.19,HOwTZNfdDC aldi PKMNf
01/07/2021,-12.69,yZWyvogbNt british gas lLMHE
07/05/2022,-57.41,ZBItuxGfSt nabu casa qoGFD
21/02/2022,-1.44,oDNkDMoYmF greggs yHWAs
08/11/2021,-64.69,DepoDbZnjq tfgm yTwQA
27/01/2021,-52.88,DjJwfRarhl amzn otRbK
01/04/2022,19.3,AGBIDqqiHx salary cESXe
16/05/2021,-70.26,DIGKXPujXv greggs Qzoun
27/09/2021,-68.71,GUBPxCFVWf o2 zYTkO
17/03/2022,-25.62,LeCSQXqhqv john lewis DsYpT
25/08/2021,-27.83,qLPyeBzYDi tfgm zzmso
25/04/2021,-34.68,xKXaMpwlsM united utilities WvVZH
27/02/2022,-37.5,FZEJkPXDRZ bus FzyNR
06/08/2022,42.72,LtAOMASwSf paycheck NujyO
27/03/2022,-2.95,qiCZVrnxZk vanguard gCIEJ
09/09/2020,-97.27,vZGpPsTmmF coop fFljX
20/09/2020,-45.9,xeUoykIMjw amzn HEaga
05/09/2020,-87.75,npFszHpsCX tfgm tccXx
20/08/2022,-49.89,dUvTTGFKzL asda CRDTu
17/05/2021,7.18,JfLcpRPJyk paycheck BIBAz
12/01/2021,-45.16,JUhjJOmLyo bt tIrzZ
05/04/2021,69.09,TEpXZrBEqT birthday gift ngPNa
23/07/2021,26.91,pckDRJKaTg birthday gift vMnIs
28/08/2020,-6.67,lJlCvgiwwB spa FBXvG
12/10/2020,-52.89,qrkvnEQdJz aldi yArWi
01/03/2022,-57.13,OFtvXnFdOi bt JIypu
09/07/2021,-68.31,ZZhyhuadxM vanguard DQKkD
02/03/2022,-18.3,QaZneiajLq bus dePha
16/07/2021,-67.78,wMbNTzYnvU invest DHkLB
08/01/2021,-90.8,mHsxqFUEGI cinema FFUIa
21/02/2021,-69.84,YVpRexngfW asda gkezL
17/02/2021,-49.59,rFXEDDfiBB john lewis OTriX
29/01/2022,-12.32,sySEqafDmq invest rsiGU
12/09/2021,-49.5,qmTTXvLklH invest amxCL
11/04/2021,1.35,yTEzXrExDb birthday gift JieFF
25/03/2022,-16.09,bEgADSgmAq tfgm QLyfL
20/11/2021,-7.64,fskiQLiaqE etoro PrFxC
22/07/2021,65.97,RXFJpJTPSS birthday gift KYWRM
28/10/2020,-18.16,kdKhrUoxVZ john lewis FmzJr
28/10/2020,-44.82,vlihmwtzdw gym kQwBJ
13/10/2020,-73.8,SkGESHXSKw nabu casa eknIt
10/04/2021,2.38,qNrdioiVxZ paycheck ZOFMK
23/08/2021,-8.79,GMhVZWPKZQ metrolink sxwri
08/07/2022,-73.7,JqLkcnWCGD etoro szyuQ
10/04/2021,1.26,ANUAHnHHxt paycheck mhqhr
19/09/2021,-3.1,pgwNBRRpJV tfgm jPlxo
10/03/2021,-70.85,cbIgbRSWiB nandos iKJGY
31/01/2022,58.91,EKOquzDYRr paycheck KKgRk
28/01/2021,28.61,RPdEhWPpcw paycheck eXQxU
30/04/2021,-59.29,vyAamnmgxW british gas SddeW
05/01/2021,5.2,DBZQpaPanP birthday gift OGlSA
22/06/2022,19.63,OCeFwJCcoA birthday gift MAcGo
10/09/2021,55.31,AiuiYrHtvM paycheck VnuIS
23/08/2020,-71.53,WVONINMyrH amzn DZbMR
14/09/2020,-71.88,LndVIontBY spa WDRLh
07/08/2022,12.47,BmFzeonTkK birthday gift jjnxy
28/04/2021,-69.03,PEkgznqqAA fuel NXZPu
18/04/2022,-1.45,psjpCPcibA bus fihME
24/02/2022,-20.71,cCREFmlaao coop eLObU
29/08/2021,10.56,eUKyJqBHwh birthday gift vDKAD
21/01/2022,19.11,qSibFFPnBC paycheck HFnSs
07/10/2021,6.19,senuMhCrHn paycheck LnmzN
27/05/2021,57.5,TnVmFKPpJn birthday gift GOrdm
16/01/2022,-22.07,rgNTDcMDKn nabu casa rimWU
26/11/2020,8.39,RXJxJKHjYz paycheck wLaQt
20/11/2021,59.89,lqbSbNINAY salary fvyPy
31/01/2021,-55.38,jyKjXujmfK greggs QZMEn
12/12/2020,-71.39,sDUypvDjPX fitness JTCTb
26/02/2022,1.66,sFYghvHmmz salary bQwCU
06/08/2022,-69.58,tOGzjAcyjg nandos hFQLx
09/10/2020,-30.92,ougckwHRlS energy DBOzg
15/04/2022,-81.81,lHRfFUfoCU fuel jnxop
04/07/2021,-49.38,kftvSsgBUS vanguard AMNmh
15/06/2021,-38.52,XJIjclwNaB o2 FPoWc
25/10/2020,-8.89,tdlujQoSEE british gas rUvas
18/04/2022,-28.19,hiOtGSrUAL nabu casa CjpvO
20/02/2021,-67.46,oPNdobmVbv john lewis DCfyU
18/12/2021,-75.87,rpMLdScHXM bowling xfWQH
28/03/2021,-53.56,TbMsKynKYs fitness lDIWa
03/12/2020,-39.4,PjSWSndDUn amzn tInRv
22/10/2021,-40.84,qBRNEaVQpm bus wtNuc
12/01/2022,-64.14,koujPnHknR tfgm SWrDL
18/05/2021,22.75,dxTBXEkdMG salary PhIfq
02/02/2021,-82.63,zcZUoPbLDd spa uUOax
14/09/2020,-61.56,gjWLHDVqYG amzn CZFNR
13/01/2021,-77.24,rspEMgLkwL etoro KdCAA
17/07/2022,-64.26,njXTjeMcHW cash xPFhd
12/11/2020,22.65,IhDLyybVTv salary wwoTf
31/05/2022,-21.34,XXiVRwJfzD coop tdXVg
14/08/2022,-53.24,STaChTpmav energy fMYBG
22/02/2022,0.81,AmDUwdOUpy paycheck GBSzm
24/01/2022,-46.95,lWuTiTjuUo asda DcFhp
23/08/2021,-75.42,uAuVsqSQon tfgm ZVRlV
11/05/2021,8.5,OnPRPVXZkx birthday gift GPaZP
13/05/2021,11.24,YAGNpgBiEW salary sXnHr
01/04/2021,-37.03,jnIOdwUZEm cinema FKNLY
13/08/2022,-60.03,AxlVKandcP vanguard Huhxk
05/03/2022,-4.85,uUZweuQOAE nabu casa eXqSV
25/07/2022,-74.74,YSsDMDLTZY bt WSjgD
25/11/2021,-25.23,iTkRMcluoL m&s JUBgG
26/10/2020,-86.58,wnLlADPUNs aldi hGLdy
25/10/2020,-28.73,gMRCQbLcrm fuel xzJzZ
22/07/2022,78.56,dAIYsywOWy paycheck VpouO
06/05/2022,52.56,hAgqBaJBuE birthday gift PAVGb
11/05/2022,-74.97,hEzYDyQbau etoro kdHHR
12/12/2021,-78.99,WTZWXsbIDF invest bnXuo
12/07/2022,31.39,TpCgzrVbLZ paycheck ixxSx
27/01/2022,-2.75,LEzzcBVdQX bus vvGUA
14/09/2020,19.26,ouZCJllXeP salary AxiTn
13/02/2022,-41.26,rObzswKUsI nandos FaWrk
22/09/2021,-56.88,WTjrYPjttt bt lhlUy
09/06/2022,-63.43,QRWSLlbgen etoro dsxFT
13/01/2022,-85.03,uKPZGRPJaa invest eLNyA
04/07/2021,18.37,UjgxhijIvv paycheck OiGJP
13/03/2021,-74.23,ELCzpJXUKW united utilities nvgnA
17/06/2022,-78.92,VBxKzZSBIm bt hGuAj
02/08/2021,-48.06,fXSgETGHRs united utilities SzUbq
21/10/2020,-41.68,zUFwKxrtfb john lewis xhUJz
30/10/2020,-8.35,cDeTkrKcSl amzn rbbmz
14/11/2020,13.52,kHotyIDyXF birthday gift ORRZb
19/01/2021,11.79,zzXnZVaQPL birthday gift kQDVD
20/02/2022,-71.15,nIAlogzTWS etoro ADDFn
07/01/2022,7.38,zHaipIEtkO paycheck LKDzt
08/02/2022,-27.45,SLFChMrPuQ bt QZQsd
26/05/2021,-71.52,IEGcPqfBNq asda wmLtb
21/05/2022,-82.56,FQLYHMGbNd vanguard TqGJn
11/11/2020,-51.31,AUlHsBiILD john lewis oMQrj
22/01/2022,-1.89,vwpeLSibyw sainsbury UHVkY
26/09/2021,-36.78,LlksEavywM sainsbury SVSTe
10/11/2020,-59.99,RHXDmYaqkj energy vLAQt
09/01/2022,38.45,wPXfWRPuOi paycheck vcJoo
11/04/2022,10.54,CxAReVNrsE birthday gift VZldZ
16/10/2021,-80.09,NdmwJvfbOO tfgm Eqrfp
03/12/2020,-83.14,uUTdveJkcI bus CUqaN
24/09/2020,35.16,rSLXVMtdPC salary pgupP
02/08/2022,-59.17,NXZwSuiBgq fitness ftdRD
20/06/2022,-8.49,eOhgoAKDGl sainsbury YYStq
15/10/2021,-54.25,jdzKuWcMag fitness OpzLu
26/08/2020,-43.76,AsBjAWDyRq amazon JbmmG
06/03/2022,-70.33,ZtwUxSjYif sainsbury iCPYM
19/07/2022,61.47,oQhIucVmSq paycheck yiOHm
10/08/2021,-62.79,hWqSLPeABb metrolink bhZiV
30/07/2021,14.41,pbIYrNUbyW paycheck kDVhx
10/04/2021,-61.25,hneScUhMmJ vanguard bUASx
28/09/2020,-11.98,zffSJDlOoa etoro rpdgT
01/06/2021,-37.55,ldKjgzrhGr etoro iczLM
15/02/2022,-23.6,zwudrLivbC fuel JJBUs
02/05/2021,44.52,ytiBEIzpbE birthday gift lUvol
02/06/2022,9.47,WEAXfdbrzq salary yRJEA
08/07/2022,68.39,lcSwSVqHgQ birthday gift BSbwK
01/07/2022,-56.34,HoQbrZFNif energy YnGzG
25/02/2022,-1.97,cWLcoWtFYR m&s cNXzq
26/02/2022,-14.08,SzdzRmYBXr nabu casa bjJTb
28/01/2021,-70.68,AKLTUtljhz greggs PqRlP
12/04/2022,-73.7,GbmTnVFKtC energy iLKqA
27/06/2021,-43.06,TweBJxOAmF amazon Qvuxf
19/05/2021,-75.75,HbQzsgTSNW fuel STYrI
14/06/2022,-75.75,WylzlJKzSz vanguard LhZox
24/06/2022,-68.2,ZUOANTTOpI bus AGopz
24/05/2021,-63.7,AJHKuJMsCR octopus ASSuO
06/12/2020,36.23,UbrEXJlmYn birthday gift EXlYq
23/02/2021,-39.96,WvzYQwFpJh invest LPdAp
17/05/2021,-68.22,RJrCESwtQy british gas LUnVH
22/08/2020,-85.63,DaoMEtwCWK m&s xPSwd
11/07/2021,4.53,zkSFQaBEKS paycheck BAeln
05/02/2021,-4.58,TFVppbubjK tfgm aXbUV
01/01/2021,53.15,oCnpPVroJo birthday gift WyUhz
28/11/2020,-85.84,xasowxFIJp marks&spencer JjYiT
24/03/2021,-9.02,CzQZepkZgu united utilities hYDIv
14/01/2021,35.89,rGVrqNIvzS paycheck GKexz
18/05/2022,-57.72,fwazuNNLko o2 eXooj
24/03/2021,46.93,EtqodWLJbA birthday gift EeEJn
31/01/2021,-15.46,jzPmCnlEmR bowling GLFFl
05/07/2022,9.14,WcqawSLCuK salary MSPPn
10/04/2021,-55.28,tgLUCMjrSI spa yeNGp
28/02/2022,-78.84,sfDuakYQfU asda REKoA
21/08/2020,-46.24,UXfHKkoUlF energy GwFRE
05/04/2022,-39.14,gGmeizUyOB o2 HKIDZ
20/03/2021,5.68,XlstUOEYFu birthday gift POOMU
27/03/2022,-61.29,NuheKKKgQE aldi LWMiH
06/03/2022,76.35,wbqtdrAVjw birthday gift TUtAW
04/08/2022,-78.86,TsrVugtPeN cash pzeTD
29/09/2020,-34.83,TVohwyWusp tfgm GLdrv
08/01/2021,-65.47,ZbGhkiNCbX etoro IriiC
14/12/2020,-72.43,hsyTyyjvdC adobe FzDwT
08/01/2022,-72.7,WVfntAMirM adobe ulpTx
31/03/2021,-76.98,puQbvSpqex m&s cbuWX
17/07/2021,25.25,UleRzJNUxc birthday gift MUXcL
19/04/2021,-12.1,qMecyRkQcU o2 TgJJc
23/05/2021,-52.2,VkTfzlltMe bt TZFnw
11/01/2022,-45.67,SNCKDlewyb adobe AUiUL
18/09/2021,-82.56,QfmoVMEpjb nabu casa btvPg
11/12/2020,9.11,jAFRbNzVRX paycheck Blzri
02/01/2021,-48.31,tsfpaHBzGq british gas toOfw
22/11/2020,-4.54,zFYLCnPlSM o2 eIqxf
17/07/2022,-25.94,fjxDWmLFdJ bt mTXOl
23/10/2020,68.23,NUsgUkaDnq paycheck vFACf
04/12/2021,-61.67,nIkLqlkfsn apple tcLiA
30/04/2022,-28.95,BpsiLdRkcX cinema LIILv
18/10/2020,-82.77,PHzsryKFYg bowling DmoIf
14/07/2022,-30.72,UtazGjxDtu o2 hZJRM
25/04/2022,-6.66,OOrtqaoeHv coop xFspb
24/08/2021,-12.95,rgdIAQRrKa vanguard XfIbO
25/07/2022,38.02,DtLcDHwMRe salary yzJJc
27/12/2020,-16.28,xevtHhJMuZ octopus eQqXj
01/02/2021,-29.0,SyCehvbVcO bus XRYYd
24/03/2022,-91.87,pcJtLcawJH cinema KSnce
09/07/2021,60.31,cECJvloRPH salary EOgqK
19/04/2022,-22.16,XPiGYmdnzW amzn eHvvU
13/04/2021,52.75,dEBmQtXpth paycheck luOUf
15/07/2022,-41.0,IdXmReAreg amazon SEsuG
03/11/2021,-90.13,kIGTXdzuDi apple GrZgJ
02/01/2022,51.8,YokBLyHTqV birthday gift XzrfQ
29/01/2021,-49.32,uyzRIlJPQQ sainsbury rkygy
25/05/2021,-11.47,iBNRWUZUYx spa vAsEA
03/11/2021,-83.42,YOOVVfuLSj john lewis zbDpY
12/04/2022,-6.55,vZuCzIxTDQ cash hFdjU
25/02/2022,-61.48,bDfVaFmJlQ apple Uuhkx
09/11/2021,-14.97,IWBILJiJJm british gas GAaDK
06/01/2021,-26.26,CqieBcZere fitness mYyvs
03/07/2021,-0.17,vrGPSfUPtU cash sOBrg
23/10/2020,49.05,mNViUxSlLd paycheck kwSFE
06/06/2022,-46.96,pngOrtaSVG metrolink xIFMd
16/02/2022,-53.75,MNMOBlCCBa marks&spencer ocsZl
11/04/2022,-37.45,JMalaRWnxL aldi NQqMa
11/01/2021,-42.08,MurRCtKUoZ bowling RLFIS
15/04/2021,-7.74,OQYLHFroqr asda uomxG
05/11/2021,-70.86,HqLAIpsRkY coop aOdEG
24/01/2021,9.18,IjIepZAyPZ paycheck dgGFU
26/03/2021,-26.07,nCQnlVMVqj invest AqAIt
19/12/2021,-36.37,QzoVPtCvnr adobe biEfh
27/10/2020,-21.31,PttoVXZyyP tesco qhmCM
30/08/2020,31.38,TkBHfIDpak paycheck duLKP
28/11/2021,-53.05,AhnYDlYBcG apple RvGAx
22/02/2022,-74.77,BceQqSZePR adobe pgrod
06/12/2021,23.6,YrUurvFkuX paycheck YcUyN
04/03/2022,-44.96,bYPeqGEBzD bus IzQbm
17/12/2021,10.78,gjnSVaTjUm birthday gift PRDxj
03/12/2021,-33.59,WimgPrhIXm british gas hmdMD
01/05/2022,29.52,qFyQxxXBYR salary xKVCN
23/07/2022,-72.53,eXNSrQOuzY apple TpZYD
23/08/2021,-64.62,exgrzoPSrc gym rkJkL
02/03/2022,-39.79,GZcEuaRBDc greggs jvXff
09/03/2022,-22.81,zxZctDcnSL spa zndqd
13/03/2022,-23.84,QiVqJfeQOF fitness Ngkgj
01/06/2021,-51.63,rybxIQoazb spa MguvR
04/08/2021,-1.0,YvUNmrRcjp amzn VSqmx
26/05/2022,-25.87,TemQZTkNyE octopus DBaqc
21/02/2021,-7.6,IigxyEejsz tesco pmcwm
28/08/2020,-53.63,xUqGiMciiJ amzn uGBYZ
09/10/2021,-58.75,WeGiTaYEmn m&s EKtUW
10/06/2022,-36.35,UGlFPTCtXN british gas oAJMl
16/05/2022,-48.63,vzDfIXEbWk john lewis bSWWc
15/07/2021,14.19,LUceGEeunZ paycheck ZNGcM
18/10/2020,-48.38,gRNcUVToTL bowling dbvds
04/04/2022,32.49,JXZajaNEXy birthday gift SIeyV
05/03/2021,-22.97,rdhgmMzIVg bus FPhlr
06/06/2021,-68.96,eHmfEqMACs o2 eQuLT
29/10/2021,-47.19,MEibAArXmZ o2 BCTfG
19/11/2021,8.9,oprlSGyRVO birthday gift fNkHc
24/02/2021,-39.42,fEJKKFqSbF nabu casa iUpoA
12/06/2022,60.78,xhSgYFImMz paycheck MbNFS
07/10/2021,-39.61,ejtAyMcgtV gym idiWP
01/12/2020,8.19,fRALVDdCQT salary cYITw
06/08/2021,-40.51,kxEaxNuzpu amzn cWWGU
13/11/2021,-46.21,KqQvKHtNxX aldi HGHjX
23/05/2021,-25.42,oqFtMOfelE fitness eEDSh
29/08/2020,42.83,EncjblBNgt birthday gift NfqrF
27/02/2022,0.32,bbWyOfkhUO salary cpJPb
12/03/2021,5.09,ypYUqWhYER paycheck hfeoV
23/07/2022,-80.87,edAvumdryE tesco XEFUe
10/01/2021,-26.4,JLEoQOEZVi tesco wZeus
24/02/2022,-29.6,sYLjdCMEfs bt giOVN
07/01/2021,31.84,uewtAcdixQ paycheck cdcay
06/05/2022,75.51,zkASpztvvN birthday gift NZfHC
22/02/2022,-23.15,mTEXIVDukJ etoro ItihO
20/01/2021,2.39,QDCtQfdRqH birthday gift YZQqh
06/07/2021,16.85,sNhWITwzhW birthday gift IdFxd
23/07/2022,-35.69,EmutGleZvF nandos wdRUx
19/09/2020,-69.34,FSHjwvevLS united utilities xLGBO
16/03/2022,-64.96,AijjSNlJUL tfgm gNDMC
08/08/2021,-52.56,zBzYYvDOJg fuel nwRCr
13/08/2022,-85.71,SsobeeDBen etoro OmXQI
16/01/2022,34.66,muCrXnhCxX paycheck cjHyt
20/02/2022,55.04,VrLzHjGqVu salary gCEjY
18/02/2021,-13.26,kjsyptXyBF nandos zfSGk
10/02/2021,-34.66,MQgITlUKNN fitness MirvD
14/01/2021,-69.32,GFnUaRupLl tesco VKCda
26/12/2021,-16.4,QknbbqKxlO asda xJHoQ
18/08/2021,-86.17,vjzGfCrDNz invest BbARc
30/05/2022,-52.7,ImyNSgbwAx o2 VdLcT
01/03/2022,-46.95,kerWCjfPQZ fuel pJVPH
07/04/2022,4.54,rMgVaCUSXx birthday gift XHZcV
11/03/2022,-22.58,TetlYrutTw fuel HwDdq
01/06/2021,-86.55,ZvZsLczQcH gym mzESN
03/11/2021,-8.98,iEzafqOeCF tesco Cumqy
09/01/2021,-60.66,emZSMmywsX sainsbury JVCQl
16/07/2021,-59.79,mWiLnYeEbQ british gas DGMOU
31/05/2021,-59.64,mYGyreCFEQ m&s OsSrA
06/09/2020,27.63,KmqNWZRppz paycheck RibuA
12/03/2021,-29.44,fFQnFrPaVQ o2 Nutfm
18/09/2020,-59.51,dUtsCRTKJW metrolink YpoMh
20/12/2021,-32.49,BmDfrVmCXD bowling KUrJc
28/03/2022,-33.17,hfEBMlfwPB invest ndLAP
24/11/2020,-7.74,nRlMZwiiei etoro nTuXy
25/08/2020,31.69,zIniuzCpEN paycheck eAilt
03/11/2020,-40.34,wDxbCrgDVI cash pXHsz
12/08/2021,-51.79,jasykYGTtx tesco AqHNd
28/04/2022,-65.89,qzRxQuEOcJ m&s UAUvd
16/06/2022,60.19,HFtjyXsloQ salary QTdYH
15/07/2022,-35.65,AJpHIwClhX amazon ZDfmF
07/02/2022,-28.96,eaNmSHzQGU octopus IPnWF
15/08/2021,-43.24,IVwaSzNFFV vanguard uAbUU
04/07/2022,34.38,vaMbyVnEUy paycheck QtMYp
29/07/2022,-11.78,LdQDPiXScd m&s zhXho
21/02/2022,-55.44,vIhwkzZyOx sainsbury rAcVV
30/04/2022,-80.51,YmFxooHobc amzn njhvc
11/12/2020,71.98,CQfqVNEEFa salary yEoIG
30/01/2022,-75.47,dYwBbXlIex bowling TqvWx
22/12/2021,11.37,wZfiFsSloM salary CjPKr
30/12/2021,-12.64,obvbyrfBNh amzn rXWDP
08/03/2022,-44.91,aZwDrwlnGm coop bbkJm
03/04/2021,27.72,AsnWndhvHh birthday gift xoVfm
16/05/2022,-60.19,ZVIOqXvKTO nandos GvsiS
19/07/2022,10.27,freJZyGrsJ salary wdOyg
20/05/2022,11.49,mJtwskjCEm birthday gift ghQRN
12/07/2021,-15.83,HJpMtnaXjm invest reynm
06/11/2021,-77.32,xdCmgqRqBf aldi TQqIw
15/02/2021,-60.86,jCtlUqVbbB fitness xFXak
02/10/2020,-78.72,VXUjKyDdVj nabu casa toYxQ
27/10/2021,-38.6,FeRoBGgAkF aldi ZaMVI
07/06/2022,14.4,mJpQMoejLM birthday gift BVENg
15/06/2021,-29.88,GLMOochhvQ nabu casa oBNwS
13/07/2021,-58.99,ZAVoARfoGh spa UNyCm
11/03/2021,1.64,TXQeydyFFS salary jJton
08/04/2022,-66.77,OqdCWRnaln nabu casa dJOBL
22/09/2021,31.02,iEcHvcgPZB salary Nwiov
19/09/2021,-64.25,SEfMFElqMp greggs vlwhT
31/01/2022,-59.42,OLWzNGCtBX tesco WvxoZ
25/05/2022,-61.01,TszKQKbESj gym vuXlP
06/03/2021,-36.55,jqXQdGtIxk bus egTvF
18/01/2022,-42.77,heJmANompL asda pQnmJ
18/06/2021,-13.1,RqkDExvOyi bt fmvKB
15/03/2021,-62.93,xEcsihlFXe gym SRKjY
13/04/2022,50.65,urNOfuWYKp salary IbYKa
13/07/2022,-53.15,swBPsqRIbK etoro YmSXs
25/03/2022,-85.99,mKLTFtzONW nandos HBPnZ
15/06/2022,-0.87,vObAtkVXHQ john lewis BeqFx
16/04/2021,9.42,IzczEuOpCK salary SPlnT
01/12/2020,-36.54,zggIMRPzFu metrolink FmNwb
27/10/2021,-20.54,smRyCewoxj asda fMFbr
17/05/2022,-72.29,owWzKaRIrD tfgm edomh
20/06/2022,-15.84,hocnbJhYZU metrolink IpeBN
03/04/2021,73.73,eoTLkrtDYW salary dCxFs
28/05/2021,-16.45,AkKYXWjDaL united utilities GbEPH
26/01/2022,44.56,zYJDCIVNqL paycheck UjIqL
30/06/2021,-72.92,kxvYhIhImZ aldi BsnhN
12/01/2021,-31.27,VgZpaxOCbV cinema BhHHB
15/05/2021,30.84,UbrPxLgnXo paycheck yTaaq
02/07/2021,1.61,YkCiHKKdOa birthday gift OjXrq
18/11/2021,-52.98,mGFkxfTUak nandos bWUav
19/03/2021,33.89,aFOEIsqEiw birthday gift lEXuy
23/06/2022,-9.87,yCEclHOulR metrolink WDoye
13/01/2021,-27.86,ScsWycmMkG tfgm lWCLX
07/09/2021,-58.92,KQTQJTqfgZ metrolink MolYE
14/11/2020,56.58,xGmLmeGmUX paycheck udeBO
07/05/2022,-60.83,qrdwOuoKvt tesco jJCMJ
22/07/2022,-45.08,nLnvOpLDXQ sainsbury QaSEd
03/01/2021,-33.35,RQuQZvStva etoro FIbYH
18/12/2020,-16.29,BsJtpgoGNm bowling RQkKj
07/01/2022,-28.25,WJRiZlxdjt nandos oYCKG
07/02/2021,-70.56,iFEcITZoum cinema bhwfm
05/11/2020,-77.98,LnpALFgxIp bus bAnuf
11/10/2021,-31.32,bpKEepRqnz united utilities HDnjl
26/03/2022,-27.57,WkiojbQtvt vanguard hGTxx
02/02/2021,-48.18,oFzbgXBLpz energy dhaMS
27/01/2021,-70.38,XJRqyQFfkN john lewis vloRu
06/03/2022,10.45,NqcYoWrJig salary QyjMV
04/11/2021,53.21,IWpFnbIILy salary fCtoy
01/06/2021,2.83,GPcfQXPtxA salary HGlZV
27/01/2021,-68.79,gXculopNIn nandos EfgLj
20/12/2020,-55.08,pYDCaSyUpJ marks&spencer XbJlE
06/04/2021,-10.48,pJCwoUJFhw tfgm GUwNW
20/03/2022,-44.57,vnlfIuFoyz aldi kjZeY
24/10/2021,64.71,regVtzcVpX paycheck kYDlS
12/04/2022,-9.29,vDaBNLcmvZ apple opqbD
22/01/2021,42.31,RbWqiGDcEk birthday gift LxivC
25/11/2021,82.14,NowkZqMIAs paycheck hQTdz
04/08/2021,-87.5,FEewSBRRbE octopus olORV
30/05/2021,-54.27,hfunrqxmEF greggs FzGiv
01/06/2021,43.97,aYmeTraqqf salary iaZoq
17/10/2021,37.07,VuGuSChCGg paycheck nCTwm
25/04/2022,-60.31,WulAKmXKhd british gas sxdnf
10/10/2020,-53.25,LiIzPVHmel john lewis uATAC
22/05/2021,-30.49,ZcQtRPvOPg energy toTTW
31/07/2021,-23.57,XapKDgFDMm cinema CeHnS
09/05/2022,-78.8,NkBGCofUxt vanguard eyjqf
